Start date;End date;Biomass [MWh] Calculated resolutions;Hydropower [MWh] Calculated resolutions;Wind offshore [MWh] Calculated resolutions;Wind onshore [MWh] Calculated resolutions;Photovoltaics [MWh] Calculated resolutions;Other renewable [MWh] Calculated resolutions;Nuclear [MWh] Calculated resolutions;Lignite [MWh] Calculated resolutions;Hard coal [MWh] Calculated resolutions;Fossil gas [MWh] Calculated resolutions;Hydro pumped storage [MWh] Calculated resolutions;Other conventional [MWh] Calculated resolutions
Aug 30, 2026 11:00 PM;Aug 31, 2026 12:00 AM;3,966.04;1,328.67;1,708.70;3,837.66;0.00;90.30;-;6,855.71;3,776.11;3,914.79;4,265.80;1,846.11
Aug 31, 2026 12:00 AM;Aug 31, 2026 1:00 AM;3,869.18;1,301.13;1,481.89;4,295.50;0.00;90.70;-;6,917.52;3,790.53;3,848.50;2,997.13;1,834.58
Aug 31, 2026 1:00 AM;Aug 31, 2026 2:00 AM;3,820.36;1,251.72;1,465.76;5,359.95;0.00;91.25;-;6,923.61;3,784.05;3,703.75;1,880.33;1,848.39
Aug 31, 2026 2:00 AM;Aug 31, 2026 3:00 AM;3,777.71;1,124.48;1,862.84;7,562.80;0.00;91.25;-;6,954.19;3,785.48;2,772.49;831.74;1,842.73
Aug 31, 2026 3:00 AM;Aug 31, 2026 4:00 AM;3,769.92;1,084.06;2,577.57;10,223.34;0.00;91.25;-;6,942.43;3,745.28;2,572.07;372.90;1,831.11
Aug 31, 2026 4:00 AM;Aug 31, 2026 5:00 AM;3,787.61;1,076.08;2,554.01;12,776.96;0.00;91.25;-;6,938.11;3,587.64;2,558.14;406.09;1,820.22
Aug 31, 2026 5:00 AM;Aug 31, 2026 6:00 AM;3,856.99;1,149.62;2,852.19;15,125.57;0.00;91.25;-;6,947.74;3,452.02;2,679.18;736.66;1,825.17
Aug 31, 2026 6:00 AM;Aug 31, 2026 7:00 AM;4,044.17;1,285.53;2,518.10;17,908.82;128.15;91.25;-;6,924.52;3,372.05;2,608.24;1,685.98;2,094.00
Aug 31, 2026 7:00 AM;Aug 31, 2026 8:00 AM;4,162.34;1,309.52;2,911.38;18,898.68;2,734.15;91.25;-;6,736.27;3,132.55;2,723.21;2,411.11;2,100.91
Aug 31, 2026 8:00 AM;Aug 31, 2026 9:00 AM;4,133.01;1,469.09;3,124.97;19,677.37;10,516.91;91.25;-;5,319.12;2,799.83;2,729.94;2,013.67;2,024.67
Aug 31, 2026 9:00 AM;Aug 31, 2026 10:00 AM;4,049.89;1,273.00;3,624.25;20,644.79;20,478.32;82.83;-;4,933.00;1,935.49;2,273.14;197.61;1,760.19
Aug 31, 2026 10:00 AM;Aug 31, 2026 11:00 AM;3,901.09;1,441.59;4,001.47;21,895.30;29,333.35;70.51;-;4,299.14;1,197.55;1,912.68;28.68;1,763.95
Aug 31, 2026 11:00 AM;Aug 31, 2026 12:00 PM;3,816.55;1,402.97;4,438.30;22,556.64;35,928.05;77.42;-;3,199.18;780.11;1,627.70;10.61;1,778.09
Aug 31, 2026 12:00 PM;Aug 31, 2026 1:00 PM;3,697.46;1,478.81;4,042.45;20,988.16;38,291.77;70.37;-;3,144.36;698.48;1,411.33;12.27;1,758.64
Aug 31, 2026 1:00 PM;Aug 31, 2026 2:00 PM;3,658.92;1,452.80;2,679.25;23,059.54;38,895.18;69.96;-;3,147.54;691.22;1,371.54;11.80;1,746.33
Aug 31, 2026 2:00 PM;Aug 31, 2026 3:00 PM;3,636.77;1,403.90;2,649.03;23,617.83;36,583.05;88.74;-;3,095.23;628.07;1,389.41;24.54;1,762.98
Aug 31, 2026 3:00 PM;Aug 31, 2026 4:00 PM;3,662.52;1,391.11;2,300.05;24,884.35;32,399.76;90.70;-;3,248.07;626.24;1,355.31;75.43;1,776.50
Aug 31, 2026 4:00 PM;Aug 31, 2026 5:00 PM;3,790.57;1,303.04;2,138.11;27,666.03;25,447.02;90.70;-;3,368.01;1,051.04;1,408.77;45.09;1,813.21
Aug 31, 2026 5:00 PM;Aug 31, 2026 6:00 PM;3,963.47;1,229.56;2,067.12;28,336.23;17,292.26;90.70;-;4,706.84;2,388.34;1,746.29;37.13;1,821.17
Aug 31, 2026 6:00 PM;Aug 31, 2026 7:00 PM;4,203.54;1,202.98;2,713.22;26,997.17;8,264.91;90.70;-;6,563.38;3,641.04;2,952.04;327.06;1,946.63
Aug 31, 2026 7:00 PM;Aug 31, 2026 8:00 PM;4,313.16;1,254.66;3,493.72;24,913.84;1,633.95;90.70;-;7,125.48;3,979.85;4,162.96;2,594.40;1,938.65
Aug 31, 2026 8:00 PM;Aug 31, 2026 9:00 PM;4,317.25;1,257.47;4,043.33;24,139.12;19.21;90.70;-;7,344.09;4,225.14;4,852.58;4,570.47;1,946.04
Aug 31, 2026 9:00 PM;Aug 31, 2026 10:00 PM;4,215.53;1,260.83;3,832.94;24,453.86;0.00;90.70;-;7,143.05;4,266.92;5,395.78;2,920.97;1,864.35
Aug 31, 2026 10:00 PM;Aug 31, 2026 11:00 PM;4,071.74;1,245.60;4,403.11;23,716.68;0.00;90.70;-;7,516.65;4,076.11;5,495.40;948.01;1,888.13
Aug 31, 2026 11:00 PM;Sep 1, 2026 12:00 AM;3,950.80;1,235.74;4,373.25;24,031.35;0.00;90.70;-;7,821.07;3,980.13;5,360.60;403.53;1,871.91
Sep 1, 2026 12:00 AM;Sep 1, 2026 1:00 AM;3,857.62;1,219.82;4,988.40;24,101.33;0.00;90.46;-;7,838.88;3,718.80;4,863.00;27.53;1,744.42
Sep 1, 2026 1:00 AM;Sep 1, 2026 2:00 AM;3,841.15;1,203.75;4,578.01;23,433.84;0.00;90.46;-;8,063.67;3,671.20;5,387.38;45.33;1,875.14
Sep 1, 2026 2:00 AM;Sep 1, 2026 3:00 AM;3,821.25;1,189.45;4,589.90;22,161.81;0.00;90.46;-;8,239.33;3,599.49;5,477.96;36.62;1,932.29
Sep 1, 2026 3:00 AM;Sep 1, 2026 4:00 AM;3,806.53;1,168.55;4,317.58;20,784.51;0.00;90.46;-;8,324.65;3,594.34;5,390.87;48.37;1,939.58
Sep 1, 2026 4:00 AM;Sep 1, 2026 5:00 AM;3,823.01;1,158.40;4,372.67;19,243.65;0.00;90.46;-;8,110.61;3,590.30;5,551.72;38.16;1,927.76
Sep 1, 2026 5:00 AM;Sep 1, 2026 6:00 AM;3,892.73;1,159.14;4,219.73;18,659.70;0.00;90.46;-;8,417.87;3,587.01;5,387.12;122.17;1,953.00
Sep 1, 2026 6:00 AM;Sep 1, 2026 7:00 AM;4,056.27;1,222.21;3,154.11;18,940.21;218.60;90.46;-;8,599.54;3,645.56;5,925.67;2,850.69;1,950.66
Sep 1, 2026 7:00 AM;Sep 1, 2026 8:00 AM;4,131.19;1,352.74;2,708.35;18,108.51;4,177.65;90.60;-;8,413.92;3,641.50;5,801.15;4,576.18;1,865.92
Sep 1, 2026 8:00 AM;Sep 1, 2026 9:00 AM;4,082.34;1,332.71;2,487.04;17,164.11;13,372.31;90.75;-;8,145.14;3,622.27;5,395.22;2,462.08;1,875.54
Sep 1, 2026 9:00 AM;Sep 1, 2026 10:00 AM;3,997.38;1,394.73;3,224.23;17,141.52;23,873.56;93.67;-;7,981.13;3,213.69;3,840.24;372.23;1,858.65
Sep 1, 2026 10:00 AM;Sep 1, 2026 11:00 AM;3,887.79;1,346.97;3,801.95;18,584.49;32,353.45;94.65;-;7,010.20;2,478.66;2,645.42;23.07;1,914.92
Sep 1, 2026 11:00 AM;Sep 1, 2026 12:00 PM;3,772.54;1,301.66;3,645.36;20,533.62;37,789.52;94.65;-;4,894.83;1,344.37;2,257.61;51.82;1,903.39
Sep 1, 2026 12:00 PM;Sep 1, 2026 1:00 PM;3,702.51;1,353.51;3,904.74;20,335.68;40,418.76;94.65;-;4,344.50;990.65;1,782.30;13.23;1,824.09
Sep 1, 2026 1:00 PM;Sep 1, 2026 2:00 PM;3,685.77;1,336.21;3,932.50;19,849.84;40,735.51;94.65;-;4,226.54;855.29;1,751.47;16.43;1,812.27
Sep 1, 2026 2:00 PM;Sep 1, 2026 3:00 PM;3,692.30;1,404.19;4,206.94;18,593.34;39,280.94;94.65;-;4,178.31;767.98;1,768.38;30.81;1,803.18
Sep 1, 2026 3:00 PM;Sep 1, 2026 4:00 PM;3,721.91;1,370.91;4,867.30;17,065.52;35,700.20;94.65;-;4,317.10;913.77;1,942.11;15.67;1,813.58
Sep 1, 2026 4:00 PM;Sep 1, 2026 5:00 PM;3,837.78;1,560.89;4,615.53;16,455.45;29,218.92;91.63;-;5,689.50;1,739.00;2,410.68;37.40;1,824.22
Sep 1, 2026 5:00 PM;Sep 1, 2026 6:00 PM;4,004.52;1,512.11;5,011.10;15,913.23;20,424.35;91.63;-;6,809.98;3,140.50;3,759.31;55.07;1,828.15
Sep 1, 2026 6:00 PM;Sep 1, 2026 7:00 PM;4,248.52;1,342.67;5,019.85;14,029.84;9,695.07;90.75;-;7,950.25;4,004.27;6,261.38;1,483.74;2,042.46
Sep 1, 2026 7:00 PM;Sep 1, 2026 8:00 PM;4,365.76;1,414.33;5,221.65;11,443.82;1,832.56;90.96;-;8,325.47;4,328.37;7,235.36;5,047.15;2,085.68
Sep 1, 2026 8:00 PM;Sep 1, 2026 9:00 PM;4,356.93;1,961.14;5,189.46;10,394.08;16.42;91.46;-;7,010.81;4,066.59;6,978.67;5,928.07;2,028.95
Sep 1, 2026 9:00 PM;Sep 1, 2026 10:00 PM;4,196.09;1,732.60;5,101.40;9,436.82;0.00;91.46;-;5,041.40;4,115.38;7,489.15;5,631.37;2,191.69
Sep 1, 2026 10:00 PM;Sep 1, 2026 11:00 PM;3,937.35;1,410.20;5,266.32;8,038.08;0.00;91.46;-;5,195.70;3,974.85;7,490.51;3,813.17;1,861.91
Sep 1, 2026 11:00 PM;Sep 2, 2026 12:00 AM;3,800.38;1,242.01;4,544.69;7,430.56;0.00;91.46;-;5,262.67;4,052.80;7,107.96;1,301.75;1,857.11
Sep 2, 2026 12:00 AM;Sep 2, 2026 1:00 AM;3,694.55;1,244.26;4,308.14;7,121.52;0.00;91.46;-;5,256.07;4,079.18;6,464.86;525.00;1,739.93
Sep 2, 2026 1:00 AM;Sep 2, 2026 2:00 AM;3,655.94;1,283.33;4,598.42;6,133.84;0.00;91.46;-;5,808.84;4,070.16;6,399.52;174.64;1,785.56
Sep 2, 2026 2:00 AM;Sep 2, 2026 3:00 AM;3,638.83;1,259.65;5,011.85;5,566.69;0.00;91.46;-;6,120.17;4,066.46;6,047.17;112.14;1,841.19
Sep 2, 2026 3:00 AM;Sep 2, 2026 4:00 AM;3,621.48;1,206.38;4,933.44;5,669.50;0.00;91.46;-;6,185.12;4,068.72;5,977.31;109.82;1,858.69
Sep 2, 2026 4:00 AM;Sep 2, 2026 5:00 AM;3,634.76;1,220.14;4,412.42;5,967.29;0.00;91.46;-;6,226.29;4,067.34;6,121.53;114.08;1,844.91
Sep 2, 2026 5:00 AM;Sep 2, 2026 6:00 AM;3,710.10;1,220.87;4,075.39;6,105.63;0.00;91.46;-;6,249.64;4,026.09;6,565.85;376.98;1,806.82
Sep 2, 2026 6:00 AM;Sep 2, 2026 7:00 AM;3,885.27;1,319.33;3,961.18;6,852.54;272.96;91.46;-;6,268.32;4,299.92;6,847.20;2,908.74;1,845.16
Sep 2, 2026 7:00 AM;Sep 2, 2026 8:00 AM;3,993.79;1,253.84;3,766.86;7,250.75;4,693.20;91.46;-;6,200.75;4,546.79;7,063.07;3,703.76;1,824.04
Sep 2, 2026 8:00 AM;Sep 2, 2026 9:00 AM;3,989.42;1,238.93;3,786.72;6,278.92;13,506.94;91.46;-;6,310.03;4,495.67;6,236.50;1,982.18;2,169.04
Sep 2, 2026 9:00 AM;Sep 2, 2026 10:00 AM;3,876.79;1,281.67;3,832.61;4,804.83;23,839.71;91.46;-;6,502.07;4,228.47;4,548.16;452.79;1,876.05
Sep 2, 2026 10:00 AM;Sep 2, 2026 11:00 AM;3,732.21;1,221.29;3,418.91;5,367.91;33,992.26;91.46;-;6,373.78;4,205.40;2,498.96;122.38;1,856.05
Sep 2, 2026 11:00 AM;Sep 2, 2026 12:00 PM;3,630.45;1,290.65;3,222.86;6,643.83;40,724.76;91.46;-;5,891.88;3,273.00;1,848.74;12.42;1,833.88
Sep 2, 2026 12:00 PM;Sep 2, 2026 1:00 PM;3,563.62;1,256.79;3,416.28;7,858.95;43,585.43;92.16;-;5,880.35;2,617.75;1,804.78;40.77;1,834.22
Sep 2, 2026 1:00 PM;Sep 2, 2026 2:00 PM;3,543.08;1,234.55;3,535.76;9,073.23;43,186.32;91.63;-;6,056.15;2,349.35;1,723.10;11.33;1,859.28
Sep 2, 2026 2:00 PM;Sep 2, 2026 3:00 PM;3,540.39;1,221.47;4,057.43;9,054.76;40,690.50;91.46;-;5,846.57;2,740.65;1,795.67;7.96;1,865.45
Sep 2, 2026 3:00 PM;Sep 2, 2026 4:00 PM;3,576.01;1,368.61;4,345.58;8,906.92;35,733.34;91.46;-;5,891.42;3,403.30;1,929.67;11.24;1,841.21
Sep 2, 2026 4:00 PM;Sep 2, 2026 5:00 PM;3,689.11;1,440.34;4,133.77;9,137.02;27,767.02;91.46;-;6,292.64;4,134.73;2,371.82;186.18;1,849.85
Sep 2, 2026 5:00 PM;Sep 2, 2026 6:00 PM;3,850.00;1,307.28;3,741.62;8,836.27;17,405.55;91.46;-;7,216.36;4,904.73;4,557.06;230.21;1,845.32
Sep 2, 2026 6:00 PM;Sep 2, 2026 7:00 PM;4,071.96;1,393.00;3,842.24;6,969.00;7,600.85;91.46;-;7,702.27;5,046.46;6,383.51;2,836.37;1,872.27
Sep 2, 2026 7:00 PM;Sep 2, 2026 8:00 PM;4,189.63;1,765.01;3,602.98;4,953.98;1,396.11;91.46;-;7,564.91;5,113.21;7,315.60;5,615.36;1,905.55
Sep 2, 2026 8:00 PM;Sep 2, 2026 9:00 PM;4,183.19;1,765.59;3,438.84;4,319.85;5.77;91.46;-;7,568.93;5,013.88;7,310.59;5,673.33;1,979.09
Sep 2, 2026 9:00 PM;Sep 2, 2026 10:00 PM;4,083.44;1,499.34;3,391.03;4,899.70;0.00;91.46;-;7,863.18;4,867.66;7,180.91;4,922.02;1,941.89
Sep 2, 2026 10:00 PM;Sep 2, 2026 11:00 PM;3,949.54;1,191.38;3,309.40;5,623.70;0.00;91.46;-;8,420.76;4,861.24;6,841.27;3,289.46;1,902.97
Sep 2, 2026 11:00 PM;Sep 3, 2026 12:00 AM;3,823.77;1,145.94;2,542.53;6,555.61;0.00;91.46;-;8,483.03;4,816.50;5,987.62;1,049.35;1,914.46
Sep 3, 2026 12:00 AM;Sep 3, 2026 1:00 AM;3,688.94;1,174.68;3,570.32;7,437.52;0.00;91.46;-;8,332.85;4,354.68;4,555.15;891.20;1,763.76
Sep 3, 2026 1:00 AM;Sep 3, 2026 2:00 AM;3,656.42;1,060.47;4,158.78;8,728.68;0.00;91.46;-;8,062.43;3,947.89;3,375.92;63.54;1,815.18
Sep 3, 2026 2:00 AM;Sep 3, 2026 3:00 AM;3,632.15;1,039.92;4,216.86;9,998.61;0.00;91.46;-;7,602.31;3,982.34;3,206.71;129.58;1,825.62
Sep 3, 2026 3:00 AM;Sep 3, 2026 4:00 AM;3,626.03;1,022.74;4,112.49;10,323.07;0.00;91.46;-;8,394.59;3,957.03;3,182.25;73.10;1,816.13
Sep 3, 2026 4:00 AM;Sep 3, 2026 5:00 AM;3,653.67;1,034.00;4,258.28;11,556.04;0.00;91.46;-;8,566.03;4,062.07;3,074.60;95.57;1,806.20
Sep 3, 2026 5:00 AM;Sep 3, 2026 6:00 AM;3,735.86;1,074.90;3,869.19;13,880.21;0.00;91.46;-;8,428.22;4,047.54;3,231.30;278.06;1,852.51
Sep 3, 2026 6:00 AM;Sep 3, 2026 7:00 AM;4,016.56;1,191.32;4,063.08;17,864.94;156.89;91.46;-;8,464.43;4,038.19;3,556.58;742.33;1,861.09
Sep 3, 2026 7:00 AM;Sep 3, 2026 8:00 AM;4,217.82;1,152.52;3,793.74;21,609.44;3,730.05;91.46;-;8,413.44;3,696.36;3,871.22;965.11;1,868.99
Sep 3, 2026 8:00 AM;Sep 3, 2026 9:00 AM;4,076.84;1,099.76;3,769.40;22,911.29;11,538.15;93.06;-;7,660.92;3,149.61;3,540.33;426.52;1,894.49
Sep 3, 2026 9:00 AM;Sep 3, 2026 10:00 AM;3,983.51;1,107.87;4,548.46;23,014.60;19,708.11;93.59;-;7,006.01;2,389.17;3,213.62;52.37;1,868.45
Sep 3, 2026 10:00 AM;Sep 3, 2026 11:00 AM;3,870.04;1,108.48;4,572.23;24,588.16;26,169.30;93.59;-;5,765.17;1,869.17;2,450.71;65.42;1,888.84
Sep 3, 2026 11:00 AM;Sep 3, 2026 12:00 PM;3,790.29;1,150.11;4,373.43;26,548.39;29,688.77;93.59;-;4,799.01;1,560.11;2,212.93;21.97;1,872.19
Sep 3, 2026 12:00 PM;Sep 3, 2026 1:00 PM;3,746.48;1,208.28;4,177.46;28,025.17;30,400.29;93.59;-;4,681.42;1,352.83;2,229.90;9.25;1,813.04
Sep 3, 2026 1:00 PM;Sep 3, 2026 2:00 PM;3,725.41;1,229.78;4,480.05;28,742.38;29,561.25;93.59;-;4,629.96;1,028.86;2,489.03;28.58;1,771.79
Sep 3, 2026 2:00 PM;Sep 3, 2026 3:00 PM;3,738.92;1,207.38;4,745.04;30,508.84;27,087.48;93.59;-;4,278.88;1,015.39;2,336.31;12.05;1,817.04
Sep 3, 2026 3:00 PM;Sep 3, 2026 4:00 PM;3,767.64;1,174.37;4,735.63;32,642.87;23,523.38;93.59;-;4,290.70;1,197.78;2,163.05;10.35;1,808.33
Sep 3, 2026 4:00 PM;Sep 3, 2026 5:00 PM;3,881.50;1,130.84;4,020.12;33,992.19;17,990.08;93.59;-;4,758.58;1,629.11;2,494.54;79.87;1,743.48
Sep 3, 2026 5:00 PM;Sep 3, 2026 6:00 PM;4,034.75;1,097.29;5,223.33;32,690.91;11,709.43;93.59;-;5,653.04;2,496.44;3,435.89;58.84;1,739.84
Sep 3, 2026 6:00 PM;Sep 3, 2026 7:00 PM;4,263.55;1,122.45;5,033.12;30,122.51;5,431.13;93.59;-;5,768.80;2,892.23;4,874.50;2,446.19;1,789.57
Sep 3, 2026 7:00 PM;Sep 3, 2026 8:00 PM;4,370.82;1,182.87;5,776.69;27,740.45;1,053.86;93.59;-;5,743.12;3,115.29;5,548.13;3,422.26;1,926.14
Sep 3, 2026 8:00 PM;Sep 3, 2026 9:00 PM;4,374.75;1,226.54;5,246.14;25,809.50;3.32;93.59;-;5,910.57;3,069.35;5,950.24;4,611.86;1,883.36
Sep 3, 2026 9:00 PM;Sep 3, 2026 10:00 PM;4,280.85;1,203.41;5,578.63;24,758.13;0.00;93.59;-;5,945.57;3,067.59;5,721.40;3,719.07;1,778.38
Sep 3, 2026 10:00 PM;Sep 3, 2026 11:00 PM;4,115.75;1,101.99;5,579.25;24,446.14;0.00;93.59;-;5,942.64;2,800.70;5,231.62;1,862.71;1,806.21
Sep 3, 2026 11:00 PM;Sep 4, 2026 12:00 AM;3,977.99;1,091.94;5,394.49;24,279.77;0.00;93.59;-;6,120.46;2,631.41;4,783.51;373.93;1,796.80
Sep 4, 2026 12:00 AM;Sep 4, 2026 1:00 AM;3,845.87;1,012.90;3,803.19;23,769.08;0.00;91.46;-;6,266.55;2,150.61;4,871.70;132.71;1,709.85
Sep 4, 2026 1:00 AM;Sep 4, 2026 2:00 AM;3,794.64;980.19;3,207.92;23,261.96;0.00;92.76;-;6,587.44;2,136.96;3,976.77;200.54;1,748.88
Sep 4, 2026 2:00 AM;Sep 4, 2026 3:00 AM;3,768.44;964.62;3,042.29;22,872.71;0.00;93.19;-;6,593.91;2,373.63;3,726.45;86.40;1,782.63
Sep 4, 2026 3:00 AM;Sep 4, 2026 4:00 AM;3,763.91;939.41;3,537.56;23,050.31;0.00;93.19;-;6,690.07;2,495.17;3,826.69;22.06;1,801.78
Sep 4, 2026 4:00 AM;Sep 4, 2026 5:00 AM;3,786.49;902.61;4,742.41;23,332.76;0.00;93.19;-;6,585.48;2,796.36;3,278.22;64.27;1,820.81
Sep 4, 2026 5:00 AM;Sep 4, 2026 6:00 AM;3,878.50;890.06;4,536.81;22,976.82;0.00;93.19;-;6,857.54;2,552.85;3,222.32;147.83;1,831.58
Sep 4, 2026 6:00 AM;Sep 4, 2026 7:00 AM;4,090.49;886.59;3,984.01;25,523.32;62.66;93.19;-;6,714.51;2,445.54;3,208.31;2,582.85;1,790.97
Sep 4, 2026 7:00 AM;Sep 4, 2026 8:00 AM;4,211.28;932.97;3,478.11;29,104.52;2,321.63;93.19;-;7,034.59;2,664.24;3,294.90;3,130.09;1,808.77
Sep 4, 2026 8:00 AM;Sep 4, 2026 9:00 AM;4,193.46;1,112.01;3,225.67;30,249.03;8,672.53;93.19;-;6,953.89;2,653.24;3,390.99;3,117.23;1,812.30
Sep 4, 2026 9:00 AM;Sep 4, 2026 10:00 AM;4,045.39;1,162.79;2,096.57;31,775.57;17,536.74;93.19;-;5,703.97;2,282.21;2,945.10;1,313.85;1,769.67
Sep 4, 2026 10:00 AM;Sep 4, 2026 11:00 AM;3,853.48;1,136.79;1,394.97;33,987.30;26,167.24;93.19;-;3,544.17;1,342.36;2,331.58;356.96;1,777.45
Sep 4, 2026 11:00 AM;Sep 4, 2026 12:00 PM;3,699.73;1,281.89;1,385.99;35,673.90;31,301.83;93.19;-;2,569.74;776.53;2,006.41;13.28;1,806.64
Sep 4, 2026 12:00 PM;Sep 4, 2026 1:00 PM;3,615.89;1,231.92;2,312.38;31,689.66;33,464.56;93.19;-;2,493.01;761.49;2,002.21;9.64;1,737.07
Sep 4, 2026 1:00 PM;Sep 4, 2026 2:00 PM;3,579.42;1,325.17;3,945.29;29,643.79;33,807.27;93.19;-;2,565.31;613.63;1,981.00;12.29;1,747.46
Sep 4, 2026 2:00 PM;Sep 4, 2026 3:00 PM;3,562.13;1,309.32;4,372.86;27,537.40;31,552.82;91.89;-;2,959.33;862.78;2,029.91;11.94;1,727.53
Sep 4, 2026 3:00 PM;Sep 4, 2026 4:00 PM;3,611.72;1,245.58;4,560.32;29,286.96;27,390.58;91.80;-;2,999.78;911.09;2,031.93;10.40;1,752.69
Sep 4, 2026 4:00 PM;Sep 4, 2026 5:00 PM;3,587.40;1,195.24;5,160.08;33,793.83;21,422.81;92.81;-;3,228.67;921.15;2,221.22;21.25;1,734.63
Sep 4, 2026 5:00 PM;Sep 4, 2026 6:00 PM;3,754.30;1,180.45;5,617.94;37,803.78;14,205.34;92.81;-;3,296.77;1,123.43;2,755.00;35.32;1,719.40
Sep 4, 2026 6:00 PM;Sep 4, 2026 7:00 PM;3,971.04;1,147.40;4,704.77;41,083.03;6,236.42;93.52;-;3,564.82;1,620.59;3,282.73;1,096.86;1,943.02
Sep 4, 2026 7:00 PM;Sep 4, 2026 8:00 PM;4,095.56;1,388.55;3,742.43;38,097.74;906.48;95.63;-;3,852.25;1,998.24;3,951.40;4,680.03;1,881.80
Sep 4, 2026 8:00 PM;Sep 4, 2026 9:00 PM;4,063.87;1,193.43;4,252.61;36,500.96;2.15;94.70;-;4,311.42;2,003.46;4,557.22;4,282.96;1,880.40
Sep 4, 2026 9:00 PM;Sep 4, 2026 10:00 PM;3,963.72;1,146.76;4,612.31;34,676.41;0.00;91.93;-;4,114.13;1,909.54;4,690.31;3,455.45;1,778.26
Sep 4, 2026 10:00 PM;Sep 4, 2026 11:00 PM;3,812.99;1,061.10;4,654.45;32,608.65;0.00;91.93;-;4,038.52;1,790.45;4,560.51;2,486.22;1,781.08
Sep 4, 2026 11:00 PM;Sep 5, 2026 12:00 AM;3,677.15;988.06;4,215.58;32,185.66;0.00;91.93;-;4,095.18;2,228.62;4,631.23;702.02;1,762.95
Sep 5, 2026 12:00 AM;Sep 5, 2026 1:00 AM;3,572.25;1,087.24;2,888.34;30,393.31;0.00;92.68;-;3,945.63;2,638.50;4,317.13;344.85;1,645.32
Sep 5, 2026 1:00 AM;Sep 5, 2026 2:00 AM;3,531.23;1,019.43;3,471.35;28,481.55;0.00;92.68;-;4,147.01;2,570.08;4,176.29;88.14;1,690.78
Sep 5, 2026 2:00 AM;Sep 5, 2026 3:00 AM;3,504.73;1,044.32;3,750.38;26,879.80;0.00;92.68;-;4,194.01;2,457.10;4,326.15;52.57;1,746.95
Sep 5, 2026 3:00 AM;Sep 5, 2026 4:00 AM;3,484.12;899.83;4,250.16;26,225.53;0.00;92.68;-;4,018.74;2,471.23;4,266.38;9.59;1,754.07
Sep 5, 2026 4:00 AM;Sep 5, 2026 5:00 AM;3,508.91;981.05;4,436.62;26,144.17;0.00;92.68;-;3,977.61;2,049.49;4,255.46;9.59;1,745.01
Sep 5, 2026 5:00 AM;Sep 5, 2026 6:00 AM;3,608.22;905.10;4,411.54;26,249.77;0.00;92.68;-;3,745.95;2,129.38;4,225.49;18.18;1,740.21
Sep 5, 2026 6:00 AM;Sep 5, 2026 7:00 AM;3,851.40;943.59;4,323.89;27,119.80;110.09;91.76;-;3,650.02;2,074.25;3,904.10;45.73;1,696.04
Sep 5, 2026 7:00 AM;Sep 5, 2026 8:00 AM;3,971.40;1,025.35;3,897.55;24,688.49;3,215.42;91.94;-;3,630.02;1,992.02;3,940.52;196.65;1,702.97
Sep 5, 2026 8:00 AM;Sep 5, 2026 9:00 AM;3,964.22;1,035.02;2,100.40;23,913.06;11,740.83;92.43;-;3,598.14;2,147.99;3,480.74;143.04;1,725.55
Sep 5, 2026 9:00 AM;Sep 5, 2026 10:00 AM;3,803.08;1,264.44;2,967.29;23,865.52;21,643.10;92.43;-;3,449.96;1,984.08;2,587.43;15.35;1,730.33
Sep 5, 2026 10:00 AM;Sep 5, 2026 11:00 AM;3,607.68;1,324.73;3,565.95;22,570.77;27,315.91;92.43;-;3,205.71;1,244.87;1,968.53;11.51;1,717.09
Sep 5, 2026 11:00 AM;Sep 5, 2026 12:00 PM;3,512.31;1,156.50;2,429.39;21,533.46;31,507.39;91.46;-;2,911.87;1,019.31;1,887.14;11.91;1,668.78
Sep 5, 2026 12:00 PM;Sep 5, 2026 1:00 PM;3,434.45;959.92;1,967.27;17,653.32;35,432.61;91.46;-;2,858.45;1,023.00;1,482.53;14.46;1,628.14
Sep 5, 2026 1:00 PM;Sep 5, 2026 2:00 PM;3,406.73;966.04;1,966.52;17,142.04;36,944.92;91.46;-;2,891.29;961.45;1,439.84;11.36;1,635.17
Sep 5, 2026 2:00 PM;Sep 5, 2026 3:00 PM;3,403.87;1,025.26;2,039.24;17,023.04;36,150.25;91.46;-;2,882.22;949.56;1,383.94;26.52;1,631.15
Sep 5, 2026 3:00 PM;Sep 5, 2026 4:00 PM;3,437.77;1,048.00;1,753.82;17,434.89;32,719.77;92.34;-;2,954.60;951.66;1,431.97;83.54;1,651.52
Sep 5, 2026 4:00 PM;Sep 5, 2026 5:00 PM;3,535.80;1,065.33;2,493.13;23,066.92;26,771.69;92.34;-;3,132.45;1,179.83;1,562.66;100.54;1,659.63
Sep 5, 2026 5:00 PM;Sep 5, 2026 6:00 PM;3,749.42;993.69;3,318.19;31,970.77;18,896.94;92.34;-;3,648.33;1,394.85;2,596.35;193.64;1,686.39
Sep 5, 2026 6:00 PM;Sep 5, 2026 7:00 PM;3,969.71;1,008.41;2,857.90;32,943.03;8,895.29;92.34;-;3,983.41;1,991.65;4,124.12;99.85;1,723.66
Sep 5, 2026 7:00 PM;Sep 5, 2026 8:00 PM;4,101.92;931.60;3,028.10;28,176.25;1,339.97;92.34;-;4,224.32;2,476.30;5,096.30;2,801.04;1,891.98
Sep 5, 2026 8:00 PM;Sep 5, 2026 9:00 PM;4,086.06;928.51;3,087.63;26,089.08;4.10;92.34;-;4,599.46;2,827.19;5,296.63;2,934.75;2,001.92
Sep 5, 2026 9:00 PM;Sep 5, 2026 10:00 PM;3,979.36;928.76;4,224.56;25,429.76;0.02;92.34;-;4,628.58;2,586.55;5,302.98;2,369.51;1,856.52
Sep 5, 2026 10:00 PM;Sep 5, 2026 11:00 PM;3,827.24;939.85;4,820.09;23,767.07;0.00;92.34;-;4,417.73;2,751.74;5,175.89;1,308.36;1,842.33
Sep 5, 2026 11:00 PM;Sep 6, 2026 12:00 AM;3,696.78;917.95;4,602.66;22,595.67;0.00;92.34;-;3,860.91;2,865.73;5,171.48;671.83;1,857.23
Sep 6, 2026 12:00 AM;Sep 6, 2026 1:00 AM;3,578.47;894.65;5,636.14;21,116.66;0.00;90.75;-;3,786.42;2,856.86;4,828.99;1,720.59;1,741.65
Sep 6, 2026 1:00 AM;Sep 6, 2026 2:00 AM;3,556.88;897.07;5,485.14;20,623.85;0.00;90.75;-;3,819.32;2,807.16;4,411.02;1,450.16;1,753.09
Sep 6, 2026 2:00 AM;Sep 6, 2026 3:00 AM;3,517.22;866.30;5,367.21;19,550.90;0.00;90.75;-;3,795.31;2,698.12;4,130.45;993.22;1,746.92
Sep 6, 2026 3:00 AM;Sep 6, 2026 4:00 AM;3,508.91;851.06;4,842.30;18,507.85;0.00;90.75;-;4,035.55;2,419.68;3,698.27;1,196.29;1,761.17
Sep 6, 2026 4:00 AM;Sep 6, 2026 5:00 AM;3,535.53;832.32;3,861.60;16,768.64;0.00;90.75;-;4,118.13;2,096.19;3,039.19;1,897.23;1,767.29
Sep 6, 2026 5:00 AM;Sep 6, 2026 6:00 AM;3,616.99;820.07;3,622.53;14,993.86;0.00;90.75;-;4,249.71;1,713.88;2,044.65;2,837.77;1,766.81
Sep 6, 2026 6:00 AM;Sep 6, 2026 7:00 AM;3,831.21;799.29;3,535.12;13,465.84;133.94;90.75;-;4,400.53;1,199.36;1,844.22;2,722.12;1,760.41
Sep 6, 2026 7:00 AM;Sep 6, 2026 8:00 AM;3,963.65;812.12;2,556.95;11,439.26;4,774.41;90.75;-;4,255.51;1,070.85;1,723.19;2,596.34;1,750.13
Sep 6, 2026 8:00 AM;Sep 6, 2026 9:00 AM;3,935.81;872.08;2,166.88;7,948.59;17,558.27;90.75;-;3,285.49;695.02;1,538.38;499.58;1,736.29
Sep 6, 2026 9:00 AM;Sep 6, 2026 10:00 AM;3,813.85;1,020.08;2,077.53;5,146.57;31,757.95;90.75;-;2,726.09;568.45;1,424.84;33.39;1,710.69
Sep 6, 2026 10:00 AM;Sep 6, 2026 11:00 AM;3,636.10;1,122.10;1,398.18;3,736.57;41,915.07;90.75;-;2,528.18;525.37;1,444.30;10.45;1,723.12
Sep 6, 2026 11:00 AM;Sep 6, 2026 12:00 PM;3,495.48;1,111.43;2,088.75;2,838.97;45,908.14;90.75;-;2,500.59;520.69;1,437.18;10.91;1,723.46
Sep 6, 2026 12:00 PM;Sep 6, 2026 1:00 PM;3,419.59;1,127.18;2,329.02;2,354.75;47,692.24;90.75;-;2,513.84;489.48;1,420.99;10.85;1,715.52
Sep 6, 2026 1:00 PM;Sep 6, 2026 2:00 PM;3,404.99;1,109.10;2,228.92;2,064.12;47,507.43;90.75;-;2,638.28;422.30;1,421.05;12.20;1,756.31
Sep 6, 2026 2:00 PM;Sep 6, 2026 3:00 PM;3,410.27;1,133.91;2,383.53;1,948.87;45,525.55;90.46;-;3,108.58;393.50;1,214.98;10.67;1,740.50
Sep 6, 2026 3:00 PM;Sep 6, 2026 4:00 PM;3,463.43;1,127.64;2,336.93;1,898.58;40,686.44;90.46;-;3,424.53;602.02;1,220.37;11.91;1,742.10
Sep 6, 2026 4:00 PM;Sep 6, 2026 5:00 PM;3,600.17;1,161.08;2,607.18;2,355.37;34,205.15;90.46;-;4,007.43;1,133.05;1,272.49;109.87;1,753.29
Sep 6, 2026 5:00 PM;Sep 6, 2026 6:00 PM;3,781.67;991.36;2,246.00;2,476.74;22,237.30;90.46;-;5,465.73;2,234.57;1,728.92;526.83;1,805.03
Sep 6, 2026 6:00 PM;Sep 6, 2026 7:00 PM;4,039.34;971.43;2,061.78;1,799.75;8,730.23;90.46;-;6,494.93;3,362.68;2,758.18;3,661.47;1,850.54
Sep 6, 2026 7:00 PM;Sep 6, 2026 8:00 PM;4,130.98;1,217.25;2,078.32;1,924.76;1,227.68;90.46;-;6,904.67;4,177.41;3,439.58;5,950.35;1,875.92
Sep 6, 2026 8:00 PM;Sep 6, 2026 9:00 PM;4,112.05;1,124.49;2,645.40;2,952.93;1.24;90.46;-;7,298.66;4,630.56;3,713.44;5,613.31;1,866.76
Sep 6, 2026 9:00 PM;Sep 6, 2026 10:00 PM;3,999.53;907.83;3,501.69;5,862.02;0.00;90.46;-;7,540.82;4,561.80;4,002.38;3,652.41;1,865.09
Sep 6, 2026 10:00 PM;Sep 6, 2026 11:00 PM;3,854.44;847.35;3,769.02;9,383.31;0.00;90.46;-;7,736.16;4,309.42;4,262.04;1,991.71;1,866.43
