hour,error
0,15.774285714285714
1,8.157142857142857
2,2.518571428571429
3,1.5800000000000003
4,4.968571428571429
5,551.7385714285714
6,3237.2900000000004
7,6358.5371428571425
8,8361.73142857143
9,8171.175714285714
10,6170.8099999999995
11,3739.0085714285733
12,1779.7742857142855
13,928.6285714285726
14,1141.4957142857154
15,3059.687142857143
16,4969.995714285712
17,6881.205714285715
18,8054.035714285715
19,7500.881428571428
20,4727.948571428571
21,1709.0685714285714
22,133.87571428571428
23,23.534999999999997
