,Start date,End date_x,Biomass [MWh] Calculated resolutions,Hydropower [MWh] Calculated resolutions,Wind offshore [MWh] Calculated resolutions,Wind onshore [MWh] Calculated resolutions,Photovoltaics [MWh] Calculated resolutions,Other renewable [MWh] Calculated resolutions,Nuclear [MWh] Calculated resolutions,Lignite [MWh] Calculated resolutions,Hard coal [MWh] Calculated resolutions,Fossil gas [MWh] Calculated resolutions,Hydro pumped storage [MWh] Calculated resolutions_x,Other conventional [MWh] Calculated resolutions,End date_y,grid load [MWh] Calculated resolutions,Grid load incl. hydro pumped storage [MWh] Calculated resolutions,Hydro pumped storage [MWh] Calculated resolutions_y,Residual load [MWh] Calculated resolutions,residual_calc,diff
0,2026-08-30 23:00:00,"Aug 31, 2026 12:00 AM",3966.04,1328.67,1708.7,3837.66,0.0,90.3,-,6855.71,3776.11,3914.79,4265.8,1846.11,"Aug 31, 2026 12:00 AM",40453.73,40465.06,11.33,34907.37,34907.37000000001,-7.275957614183426e-12
1,2026-08-31 00:00:00,"Aug 31, 2026 1:00 AM",3869.18,1301.13,1481.89,4295.5,0.0,90.7,-,6917.52,3790.53,3848.5,2997.13,1834.58,"Aug 31, 2026 1:00 AM",39226.49,39238.54,12.04,33449.11,33449.1,0.010000000002037268
2,2026-08-31 01:00:00,"Aug 31, 2026 2:00 AM",3820.36,1251.72,1465.76,5359.95,0.0,91.25,-,6923.61,3784.05,3703.75,1880.33,1848.39,"Aug 31, 2026 2:00 AM",38122.95,38142.39,19.44,31297.23,31297.239999999998,-0.00999999999839929
3,2026-08-31 02:00:00,"Aug 31, 2026 3:00 AM",3777.71,1124.48,1862.84,7562.8,0.0,91.25,-,6954.19,3785.48,2772.49,831.74,1842.73,"Aug 31, 2026 3:00 AM",37619.25,37738.99,119.74,28193.62,28193.61,0.00999999999839929
4,2026-08-31 03:00:00,"Aug 31, 2026 4:00 AM",3769.92,1084.06,2577.57,10223.34,0.0,91.25,-,6942.43,3745.28,2572.07,372.9,1831.11,"Aug 31, 2026 4:00 AM",38691.08,39346.87,655.79,25890.17,25890.170000000002,-3.637978807091713e-12
5,2026-08-31 04:00:00,"Aug 31, 2026 5:00 AM",3787.61,1076.08,2554.01,12776.96,0.0,91.25,-,6938.11,3587.64,2558.14,406.09,1820.22,"Aug 31, 2026 5:00 AM",39408.73,39824.28,415.56,24077.76,24077.760000000002,-3.637978807091713e-12
6,2026-08-31 05:00:00,"Aug 31, 2026 6:00 AM",3856.99,1149.62,2852.19,15125.57,0.0,91.25,-,6947.74,3452.02,2679.18,736.66,1825.17,"Aug 31, 2026 6:00 AM",42506.84,42674.31,167.47,24529.09,24529.079999999998,0.010000000002037268
7,2026-08-31 06:00:00,"Aug 31, 2026 7:00 AM",4044.17,1285.53,2518.1,17908.82,128.15,91.25,-,6924.52,3372.05,2608.24,1685.98,2094.0,"Aug 31, 2026 7:00 AM",49297.38,49310.49,13.11,28742.31,28742.309999999998,3.637978807091713e-12
8,2026-08-31 07:00:00,"Aug 31, 2026 8:00 AM",4162.34,1309.52,2911.38,18898.68,2734.15,91.25,-,6736.27,3132.55,2723.21,2411.11,2100.91,"Aug 31, 2026 8:00 AM",54686.04,54835.49,149.46,30141.83,30141.829999999998,3.637978807091713e-12
9,2026-08-31 08:00:00,"Aug 31, 2026 9:00 AM",4133.01,1469.09,3124.97,19677.37,10516.91,91.25,-,5319.12,2799.83,2729.94,2013.67,2024.67,"Aug 31, 2026 9:00 AM",58371.31,58547.07,175.76,25052.07,25052.059999999994,0.010000000005675247
10,2026-08-31 09:00:00,"Aug 31, 2026 10:00 AM",4049.89,1273.0,3624.25,20644.79,20478.32,82.83,-,4933.0,1935.49,2273.14,197.61,1760.19,"Aug 31, 2026 10:00 AM",58329.41,59012.83,683.42,13582.04,13582.050000000003,-0.010000000002037268
11,2026-08-31 10:00:00,"Aug 31, 2026 11:00 AM",3901.09,1441.59,4001.47,21895.3,29333.35,70.51,-,4299.14,1197.55,1912.68,28.68,1763.95,"Aug 31, 2026 11:00 AM",58482.38,62235.05,3752.67,3252.25,3252.2599999999998,-0.009999999999763531
12,2026-08-31 11:00:00,"Aug 31, 2026 12:00 PM",3816.55,1402.97,4438.3,22556.64,35928.05,77.42,-,3199.18,780.11,1627.7,10.61,1778.09,"Aug 31, 2026 12:00 PM",59353.32,64587.47,5234.15,-3569.66,-3569.670000000003,0.010000000002946763
13,2026-08-31 12:00:00,"Aug 31, 2026 1:00 PM",3697.46,1478.81,4042.45,20988.16,38291.77,70.37,-,3144.36,698.48,1411.33,12.27,1758.64,"Aug 31, 2026 1:00 PM",59965.29,65450.31,5485.02,-3357.08,-3357.0899999999956,0.009999999995670805
14,2026-08-31 13:00:00,"Aug 31, 2026 2:00 PM",3658.92,1452.8,2679.25,23059.54,38895.18,69.96,-,3147.54,691.22,1371.54,11.8,1746.33,"Aug 31, 2026 2:00 PM",58719.04,64246.9,5527.86,-5914.93,-5914.93,0.0
15,2026-08-31 14:00:00,"Aug 31, 2026 3:00 PM",3636.77,1403.9,2649.03,23617.83,36583.05,88.74,-,3095.23,628.07,1389.41,24.54,1762.98,"Aug 31, 2026 3:00 PM",56679.32,62332.06,5652.74,-6170.59,-6170.590000000006,5.4569682106375694e-12
16,2026-08-31 15:00:00,"Aug 31, 2026 4:00 PM",3662.52,1391.11,2300.05,24884.35,32399.76,90.7,-,3248.07,626.24,1355.31,75.43,1776.5,"Aug 31, 2026 4:00 PM",55830.04,61229.52,5399.48,-3754.11,-3754.1199999999963,0.009999999996125553
17,2026-08-31 16:00:00,"Aug 31, 2026 5:00 PM",3790.57,1303.04,2138.11,27666.03,25447.02,90.7,-,3368.01,1051.04,1408.77,45.09,1813.21,"Aug 31, 2026 5:00 PM",54941.83,59903.71,4961.88,-309.33,-309.32999999999765,-2.3305801732931286e-12
18,2026-08-31 17:00:00,"Aug 31, 2026 6:00 PM",3963.47,1229.56,2067.12,28336.23,17292.26,90.7,-,4706.84,2388.34,1746.29,37.13,1821.17,"Aug 31, 2026 6:00 PM",54426.61,58316.73,3890.12,6731.0,6731.000000000006,-6.366462912410498e-12
19,2026-08-31 18:00:00,"Aug 31, 2026 7:00 PM",4203.54,1202.98,2713.22,26997.17,8264.91,90.7,-,6563.38,3641.04,2952.04,327.06,1946.63,"Aug 31, 2026 7:00 PM",55309.6,56710.87,1401.27,17334.3,17334.300000000003,-3.637978807091713e-12
20,2026-08-31 19:00:00,"Aug 31, 2026 8:00 PM",4313.16,1254.66,3493.72,24913.84,1633.95,90.7,-,7125.48,3979.85,4162.96,2594.4,1938.65,"Aug 31, 2026 8:00 PM",54317.13,54340.64,23.51,24275.62,24275.62,0.0
21,2026-08-31 20:00:00,"Aug 31, 2026 9:00 PM",4317.25,1257.47,4043.33,24139.12,19.21,90.7,-,7344.09,4225.14,4852.58,4570.47,1946.04,"Aug 31, 2026 9:00 PM",51450.88,51461.18,10.3,23249.23,23249.22,0.00999999999839929
22,2026-08-31 21:00:00,"Aug 31, 2026 10:00 PM",4215.53,1260.83,3832.94,24453.86,0.0,90.7,-,7143.05,4266.92,5395.78,2920.97,1864.35,"Aug 31, 2026 10:00 PM",48087.01,48097.06,10.04,19800.21,19800.210000000003,-3.637978807091713e-12
23,2026-08-31 22:00:00,"Aug 31, 2026 11:00 PM",4071.74,1245.6,4403.11,23716.68,0.0,90.7,-,7516.65,4076.11,5495.4,948.01,1888.13,"Aug 31, 2026 11:00 PM",45330.1,45349.56,19.46,17210.31,17210.309999999998,3.637978807091713e-12
24,2026-08-31 23:00:00,"Sep 1, 2026 12:00 AM",3950.8,1235.74,4373.25,24031.35,0.0,90.7,-,7821.07,3980.13,5360.6,403.53,1871.91,"Sep 1, 2026 12:00 AM",43149.29,43428.25,278.95,14744.69,14744.690000000002,-1.8189894035458565e-12
25,2026-09-01 00:00:00,"Sep 1, 2026 1:00 AM",3857.62,1219.82,4988.4,24101.33,0.0,90.46,-,7838.88,3718.8,4863.0,27.53,1744.42,"Sep 1, 2026 1:00 AM",41409.27,41522.0,112.73,12319.54,12319.539999999995,5.4569682106375694e-12
26,2026-09-01 01:00:00,"Sep 1, 2026 2:00 AM",3841.15,1203.75,4578.01,23433.84,0.0,90.46,-,8063.67,3671.2,5387.38,45.33,1875.14,"Sep 1, 2026 2:00 AM",40429.25,40629.37,200.12,12417.4,12417.4,0.0
27,2026-09-01 02:00:00,"Sep 1, 2026 3:00 AM",3821.25,1189.45,4589.9,22161.81,0.0,90.46,-,8239.33,3599.49,5477.96,36.62,1932.29,"Sep 1, 2026 3:00 AM",40787.85,41637.03,849.18,14036.14,14036.139999999998,1.8189894035458565e-12
28,2026-09-01 03:00:00,"Sep 1, 2026 4:00 AM",3806.53,1168.55,4317.58,20784.51,0.0,90.46,-,8324.65,3594.34,5390.87,48.37,1939.58,"Sep 1, 2026 4:00 AM",40431.11,41162.1,730.99,15329.02,15329.020000000002,-1.8189894035458565e-12
29,2026-09-01 04:00:00,"Sep 1, 2026 5:00 AM",3823.01,1158.4,4372.67,19243.65,0.0,90.46,-,8110.61,3590.3,5551.72,38.16,1927.76,"Sep 1, 2026 5:00 AM",41177.45,41731.38,553.93,17561.13,17561.129999999997,3.637978807091713e-12
30,2026-09-01 05:00:00,"Sep 1, 2026 6:00 AM",3892.73,1159.14,4219.73,18659.7,0.0,90.46,-,8417.87,3587.01,5387.12,122.17,1953.0,"Sep 1, 2026 6:00 AM",44058.37,44413.65,355.28,21178.94,21178.940000000002,-3.637978807091713e-12
31,2026-09-01 06:00:00,"Sep 1, 2026 7:00 AM",4056.27,1222.21,3154.11,18940.21,218.6,90.46,-,8599.54,3645.56,5925.67,2850.69,1950.66,"Sep 1, 2026 7:00 AM",49296.65,49348.6,51.95,26983.73,26983.730000000003,-3.637978807091713e-12
32,2026-09-01 07:00:00,"Sep 1, 2026 8:00 AM",4131.19,1352.74,2708.35,18108.51,4177.65,90.6,-,8413.92,3641.5,5801.15,4576.18,1865.92,"Sep 1, 2026 8:00 AM",52702.91,52712.49,9.58,27708.4,27708.400000000005,-3.637978807091713e-12
33,2026-09-01 08:00:00,"Sep 1, 2026 9:00 AM",4082.34,1332.71,2487.04,17164.11,13372.31,90.75,-,8145.14,3622.27,5395.22,2462.08,1875.54,"Sep 1, 2026 9:00 AM",57030.4,57143.93,113.53,24006.94,24006.940000000002,-3.637978807091713e-12
34,2026-09-01 09:00:00,"Sep 1, 2026 10:00 AM",3997.38,1394.73,3224.23,17141.52,23873.56,93.67,-,7981.13,3213.69,3840.24,372.23,1858.65,"Sep 1, 2026 10:00 AM",59112.31,59765.31,653.0,14873.0,14873.0,0.0
35,2026-09-01 10:00:00,"Sep 1, 2026 11:00 AM",3887.79,1346.97,3801.95,18584.49,32353.45,94.65,-,7010.2,2478.66,2645.42,23.07,1914.92,"Sep 1, 2026 11:00 AM",59134.42,62394.94,3260.52,4394.53,4394.529999999996,3.637978807091713e-12
36,2026-09-01 11:00:00,"Sep 1, 2026 12:00 PM",3772.54,1301.66,3645.36,20533.62,37789.52,94.65,-,4894.83,1344.37,2257.61,51.82,1903.39,"Sep 1, 2026 12:00 PM",59313.02,63887.17,4574.14,-2655.48,-2655.479999999999,-9.094947017729282e-13
37,2026-09-01 12:00:00,"Sep 1, 2026 1:00 PM",3702.51,1353.51,3904.74,20335.68,40418.76,94.65,-,4344.5,990.65,1782.3,13.23,1824.09,"Sep 1, 2026 1:00 PM",58998.65,64112.11,5113.47,-5660.54,-5660.530000000001,-0.009999999999308784
38,2026-09-01 13:00:00,"Sep 1, 2026 2:00 PM",3685.77,1336.21,3932.5,19849.84,40735.51,94.65,-,4226.54,855.29,1751.47,16.43,1812.27,"Sep 1, 2026 2:00 PM",58661.61,63739.02,5077.4,-5856.23,-5856.240000000002,0.010000000002037268
39,2026-09-01 14:00:00,"Sep 1, 2026 3:00 PM",3692.3,1404.19,4206.94,18593.34,39280.94,94.65,-,4178.31,767.98,1768.38,30.81,1803.18,"Sep 1, 2026 3:00 PM",57102.43,60889.49,3787.06,-4978.8,-4978.790000000002,-0.00999999999839929
40,2026-09-01 15:00:00,"Sep 1, 2026 4:00 PM",3721.91,1370.91,4867.3,17065.52,35700.2,94.65,-,4317.1,913.77,1942.11,15.67,1813.58,"Sep 1, 2026 4:00 PM",55784.94,59084.19,3299.25,-1848.08,-1848.0799999999954,-4.547473508864641e-12
41,2026-09-01 16:00:00,"Sep 1, 2026 5:00 PM",3837.78,1560.89,4615.53,16455.45,29218.92,91.63,-,5689.5,1739.0,2410.68,37.4,1824.22,"Sep 1, 2026 5:00 PM",55099.7,57818.49,2718.79,4809.81,4809.799999999998,0.010000000002037268
42,2026-09-01 17:00:00,"Sep 1, 2026 6:00 PM",4004.52,1512.11,5011.1,15913.23,20424.35,91.63,-,6809.98,3140.5,3759.31,55.07,1828.15,"Sep 1, 2026 6:00 PM",56234.68,58070.25,1835.57,14886.01,14886.000000000002,0.00999999999839929
43,2026-09-01 18:00:00,"Sep 1, 2026 7:00 PM",4248.52,1342.67,5019.85,14029.84,9695.07,90.75,-,7950.25,4004.27,6261.38,1483.74,2042.46,"Sep 1, 2026 7:00 PM",56433.68,56871.62,437.94,27688.92,27688.92,0.0
44,2026-09-01 19:00:00,"Sep 1, 2026 8:00 PM",4365.76,1414.33,5221.65,11443.82,1832.56,90.96,-,8325.47,4328.37,7235.36,5047.15,2085.68,"Sep 1, 2026 8:00 PM",56285.77,56298.36,12.58,37787.75,37787.74,0.010000000002037268
45,2026-09-01 20:00:00,"Sep 1, 2026 9:00 PM",4356.93,1961.14,5189.46,10394.08,16.42,91.46,-,7010.81,4066.59,6978.67,5928.07,2028.95,"Sep 1, 2026 9:00 PM",55812.4,55816.96,4.56,40212.45,40212.44,0.00999999999476131
46,2026-09-01 21:00:00,"Sep 1, 2026 10:00 PM",4196.09,1732.6,5101.4,9436.82,0.0,91.46,-,5041.4,4115.38,7489.15,5631.37,2191.69,"Sep 1, 2026 10:00 PM",53075.97,53080.21,4.24,38537.75,38537.75,0.0
47,2026-09-01 22:00:00,"Sep 1, 2026 11:00 PM",3937.35,1410.2,5266.32,8038.08,0.0,91.46,-,5195.7,3974.85,7490.51,3813.17,1861.91,"Sep 1, 2026 11:00 PM",49911.87,49920.76,8.89,36607.47,36607.47,0.0
48,2026-09-01 23:00:00,"Sep 2, 2026 12:00 AM",3800.38,1242.01,4544.69,7430.56,0.0,91.46,-,5262.67,4052.8,7107.96,1301.75,1857.11,"Sep 2, 2026 12:00 AM",47316.74,47330.88,14.14,35341.49,35341.49,0.0
49,2026-09-02 00:00:00,"Sep 2, 2026 1:00 AM",3694.55,1244.26,4308.14,7121.52,0.0,91.46,-,5256.07,4079.18,6464.86,525.0,1739.93,"Sep 2, 2026 1:00 AM",44995.36,45010.22,14.86,33565.7,33565.7,0.0
50,2026-09-02 01:00:00,"Sep 2, 2026 2:00 AM",3655.94,1283.33,4598.42,6133.84,0.0,91.46,-,5808.84,4070.16,6399.52,174.64,1785.56,"Sep 2, 2026 2:00 AM",43694.52,44140.14,445.62,32962.26,32962.259999999995,7.275957614183426e-12
51,2026-09-02 02:00:00,"Sep 2, 2026 3:00 AM",3638.83,1259.65,5011.85,5566.69,0.0,91.46,-,6120.17,4066.46,6047.17,112.14,1841.19,"Sep 2, 2026 3:00 AM",42913.03,43382.45,469.43,32334.48,32334.489999999998,-0.00999999999839929
52,2026-09-02 03:00:00,"Sep 2, 2026 4:00 AM",3621.48,1206.38,4933.44,5669.5,0.0,91.46,-,6185.12,4068.72,5977.31,109.82,1858.69,"Sep 2, 2026 4:00 AM",42797.72,43719.86,922.14,32194.78,32194.780000000002,-3.637978807091713e-12
53,2026-09-02 04:00:00,"Sep 2, 2026 5:00 AM",3634.76,1220.14,4412.42,5967.29,0.0,91.46,-,6226.29,4067.34,6121.53,114.08,1844.91,"Sep 2, 2026 5:00 AM",44322.28,45822.92,1500.64,33942.57,33942.57,0.0
54,2026-09-02 05:00:00,"Sep 2, 2026 6:00 AM",3710.1,1220.87,4075.39,6105.63,0.0,91.46,-,6249.64,4026.09,6565.85,376.98,1806.82,"Sep 2, 2026 6:00 AM",47144.38,47919.91,775.53,36963.36,36963.36,0.0
55,2026-09-02 06:00:00,"Sep 2, 2026 7:00 AM",3885.27,1319.33,3961.18,6852.54,272.96,91.46,-,6268.32,4299.92,6847.2,2908.74,1845.16,"Sep 2, 2026 7:00 AM",52873.48,52882.62,9.14,41786.81,41786.8,0.00999999999476131
56,2026-09-02 07:00:00,"Sep 2, 2026 8:00 AM",3993.79,1253.84,3766.86,7250.75,4693.2,91.46,-,6200.75,4546.79,7063.07,3703.76,1824.04,"Sep 2, 2026 8:00 AM",57250.46,57257.68,7.22,41539.64,41539.65,-0.010000000002037268
57,2026-09-02 08:00:00,"Sep 2, 2026 9:00 AM",3989.42,1238.93,3786.72,6278.92,13506.94,91.46,-,6310.03,4495.67,6236.5,1982.18,2169.04,"Sep 2, 2026 9:00 AM",60315.11,60331.42,16.31,36742.54,36742.53,0.010000000002037268
58,2026-09-02 09:00:00,"Sep 2, 2026 10:00 AM",3876.79,1281.67,3832.61,4804.83,23839.71,91.46,-,6502.07,4228.47,4548.16,452.79,1876.05,"Sep 2, 2026 10:00 AM",61646.43,61821.67,175.24,29169.29,29169.28,0.010000000002037268
59,2026-09-02 10:00:00,"Sep 2, 2026 11:00 AM",3732.21,1221.29,3418.91,5367.91,33992.26,91.46,-,6373.78,4205.4,2498.96,122.38,1856.05,"Sep 2, 2026 11:00 AM",61941.74,64228.37,2286.63,19162.66,19162.659999999996,3.637978807091713e-12
60,2026-09-02 11:00:00,"Sep 2, 2026 12:00 PM",3630.45,1290.65,3222.86,6643.83,40724.76,91.46,-,5891.88,3273.0,1848.74,12.42,1833.88,"Sep 2, 2026 12:00 PM",60322.59,64895.41,4572.82,9731.14,9731.139999999994,5.4569682106375694e-12
61,2026-09-02 12:00:00,"Sep 2, 2026 1:00 PM",3563.62,1256.79,3416.28,7858.95,43585.43,92.16,-,5880.35,2617.75,1804.78,40.77,1834.22,"Sep 2, 2026 1:00 PM",57809.7,62474.9,4665.21,2949.04,2949.039999999997,3.183231456205249e-12
62,2026-09-02 13:00:00,"Sep 2, 2026 2:00 PM",3543.08,1234.55,3535.76,9073.23,43186.32,91.63,-,6056.15,2349.35,1723.1,11.33,1859.28,"Sep 2, 2026 2:00 PM",58247.22,62970.94,4723.72,2451.91,2451.9100000000017,-1.8189894035458565e-12
63,2026-09-02 14:00:00,"Sep 2, 2026 3:00 PM",3540.39,1221.47,4057.43,9054.76,40690.5,91.46,-,5846.57,2740.65,1795.67,7.96,1865.45,"Sep 2, 2026 3:00 PM",56621.86,60838.8,4216.94,2819.17,2819.1700000000005,-4.547473508864641e-13
64,2026-09-02 15:00:00,"Sep 2, 2026 4:00 PM",3576.01,1368.61,4345.58,8906.92,35733.34,91.46,-,5891.42,3403.3,1929.67,11.24,1841.21,"Sep 2, 2026 4:00 PM",55958.84,59810.24,3851.4,6973.0,6973.0,0.0
65,2026-09-02 16:00:00,"Sep 2, 2026 5:00 PM",3689.11,1440.34,4133.77,9137.02,27767.02,91.46,-,6292.64,4134.73,2371.82,186.18,1849.85,"Sep 2, 2026 5:00 PM",55470.25,57766.02,2295.77,14432.43,14432.439999999999,-0.00999999999839929
66,2026-09-02 17:00:00,"Sep 2, 2026 6:00 PM",3850.0,1307.28,3741.62,8836.27,17405.55,91.46,-,7216.36,4904.73,4557.06,230.21,1845.32,"Sep 2, 2026 6:00 PM",56297.86,56972.46,674.6,26314.42,26314.42,0.0
67,2026-09-02 18:00:00,"Sep 2, 2026 7:00 PM",4071.96,1393.0,3842.24,6969.0,7600.85,91.46,-,7702.27,5046.46,6383.51,2836.37,1872.27,"Sep 2, 2026 7:00 PM",57136.03,57167.94,31.91,38723.94,38723.94,0.0
68,2026-09-02 19:00:00,"Sep 2, 2026 8:00 PM",4189.63,1765.01,3602.98,4953.98,1396.11,91.46,-,7564.91,5113.21,7315.6,5615.36,1905.55,"Sep 2, 2026 8:00 PM",55965.99,55976.32,10.33,46012.92,46012.91999999999,7.275957614183426e-12
69,2026-09-02 20:00:00,"Sep 2, 2026 9:00 PM",4183.19,1765.59,3438.84,4319.85,5.77,91.46,-,7568.93,5013.88,7310.59,5673.33,1979.09,"Sep 2, 2026 9:00 PM",55003.33,55013.29,9.95,47238.88,47238.87000000001,0.009999999987485353
70,2026-09-02 21:00:00,"Sep 2, 2026 10:00 PM",4083.44,1499.34,3391.03,4899.7,0.0,91.46,-,7863.18,4867.66,7180.91,4922.02,1941.89,"Sep 2, 2026 10:00 PM",52816.19,52826.54,10.35,44525.46,44525.46000000001,-7.275957614183426e-12
71,2026-09-02 22:00:00,"Sep 2, 2026 11:00 PM",3949.54,1191.38,3309.4,5623.7,0.0,91.46,-,8420.76,4861.24,6841.27,3289.46,1902.97,"Sep 2, 2026 11:00 PM",49329.49,49340.48,10.99,40396.39,40396.39,0.0
72,2026-09-02 23:00:00,"Sep 3, 2026 12:00 AM",3823.77,1145.94,2542.53,6555.61,0.0,91.46,-,8483.03,4816.5,5987.62,1049.35,1914.46,"Sep 3, 2026 12:00 AM",45614.06,45631.67,17.61,36515.92,36515.92,0.0
73,2026-09-03 00:00:00,"Sep 3, 2026 1:00 AM",3688.94,1174.68,3570.32,7437.52,0.0,91.46,-,8332.85,4354.68,4555.15,891.2,1763.76,"Sep 3, 2026 1:00 AM",43563.19,43642.13,78.95,32555.35,32555.35,0.0
74,2026-09-03 01:00:00,"Sep 3, 2026 2:00 AM",3656.42,1060.47,4158.78,8728.68,0.0,91.46,-,8062.43,3947.89,3375.92,63.54,1815.18,"Sep 3, 2026 2:00 AM",41715.12,41868.7,153.57,28827.66,28827.660000000003,-3.637978807091713e-12
75,2026-09-03 02:00:00,"Sep 3, 2026 3:00 AM",3632.15,1039.92,4216.86,9998.61,0.0,91.46,-,7602.31,3982.34,3206.71,129.58,1825.62,"Sep 3, 2026 3:00 AM",39915.19,39938.24,23.05,25699.71,25699.72,-0.010000000002037268
76,2026-09-03 03:00:00,"Sep 3, 2026 4:00 AM",3626.03,1022.74,4112.49,10323.07,0.0,91.46,-,8394.59,3957.03,3182.25,73.1,1816.13,"Sep 3, 2026 4:00 AM",40355.4,40583.77,228.36,25919.84,25919.840000000004,-3.637978807091713e-12
77,2026-09-03 04:00:00,"Sep 3, 2026 5:00 AM",3653.67,1034.0,4258.28,11556.04,0.0,91.46,-,8566.03,4062.07,3074.6,95.57,1806.2,"Sep 3, 2026 5:00 AM",42331.59,42562.09,230.51,26517.26,26517.269999999997,-0.00999999999839929
78,2026-09-03 05:00:00,"Sep 3, 2026 6:00 AM",3735.86,1074.9,3869.19,13880.21,0.0,91.46,-,8428.22,4047.54,3231.3,278.06,1852.51,"Sep 3, 2026 6:00 AM",44954.16,44974.25,20.09,27204.75,27204.760000000006,-0.010000000005675247
79,2026-09-03 06:00:00,"Sep 3, 2026 7:00 AM",4016.56,1191.32,4063.08,17864.94,156.89,91.46,-,8464.43,4038.19,3556.58,742.33,1861.09,"Sep 3, 2026 7:00 AM",50754.67,50772.88,18.2,28669.76,28669.760000000002,-3.637978807091713e-12
80,2026-09-03 07:00:00,"Sep 3, 2026 8:00 AM",4217.82,1152.52,3793.74,21609.44,3730.05,91.46,-,8413.44,3696.36,3871.22,965.11,1868.99,"Sep 3, 2026 8:00 AM",54594.29,54617.72,23.43,25461.05,25461.059999999998,-0.00999999999839929
81,2026-09-03 08:00:00,"Sep 3, 2026 9:00 AM",4076.84,1099.76,3769.4,22911.29,11538.15,93.06,-,7660.92,3149.61,3540.33,426.52,1894.49,"Sep 3, 2026 9:00 AM",56872.47,57263.79,391.31,18653.64,18653.629999999997,0.010000000002037268
82,2026-09-03 09:00:00,"Sep 3, 2026 10:00 AM",3983.51,1107.87,4548.46,23014.6,19708.11,93.59,-,7006.01,2389.17,3213.62,52.37,1868.45,"Sep 3, 2026 10:00 AM",58469.51,60876.57,2407.05,11198.34,11198.340000000004,-3.637978807091713e-12
83,2026-09-03 10:00:00,"Sep 3, 2026 11:00 AM",3870.04,1108.48,4572.23,24588.16,26169.3,93.59,-,5765.17,1869.17,2450.71,65.42,1888.84,"Sep 3, 2026 11:00 AM",59299.82,63270.85,3971.03,3970.14,3970.1300000000047,0.009999999995216058
84,2026-09-03 11:00:00,"Sep 3, 2026 12:00 PM",3790.29,1150.11,4373.43,26548.39,29688.77,93.59,-,4799.01,1560.11,2212.93,21.97,1872.19,"Sep 3, 2026 12:00 PM",59798.97,64414.29,4615.32,-811.62,-811.619999999999,-1.0231815394945443e-12
85,2026-09-03 12:00:00,"Sep 3, 2026 1:00 PM",3746.48,1208.28,4177.46,28025.17,30400.29,93.59,-,4681.42,1352.83,2229.9,9.25,1813.04,"Sep 3, 2026 1:00 PM",59286.79,64099.43,4812.64,-3316.13,-3316.1299999999983,-1.8189894035458565e-12
86,2026-09-03 13:00:00,"Sep 3, 2026 2:00 PM",3725.41,1229.78,4480.05,28742.38,29561.25,93.59,-,4629.96,1028.86,2489.03,28.58,1771.79,"Sep 3, 2026 2:00 PM",60212.83,65061.07,4848.24,-2570.85,-2570.8499999999995,-4.547473508864641e-13
87,2026-09-03 14:00:00,"Sep 3, 2026 3:00 PM",3738.92,1207.38,4745.04,30508.84,27087.48,93.59,-,4278.88,1015.39,2336.31,12.05,1817.04,"Sep 3, 2026 3:00 PM",58957.25,63407.14,4449.89,-3384.1,-3384.1099999999997,0.009999999999763531
88,2026-09-03 15:00:00,"Sep 3, 2026 4:00 PM",3767.64,1174.37,4735.63,32642.87,23523.38,93.59,-,4290.7,1197.78,2163.05,10.35,1808.33,"Sep 3, 2026 4:00 PM",58834.33,62748.49,3914.16,-2067.54,-2067.550000000002,0.010000000002037268
89,2026-09-03 16:00:00,"Sep 3, 2026 5:00 PM",3881.5,1130.84,4020.12,33992.19,17990.08,93.59,-,4758.58,1629.11,2494.54,79.87,1743.48,"Sep 3, 2026 5:00 PM",58422.72,60809.45,2386.73,2420.33,2420.329999999997,2.7284841053187847e-12
90,2026-09-03 17:00:00,"Sep 3, 2026 6:00 PM",4034.75,1097.29,5223.33,32690.91,11709.43,93.59,-,5653.04,2496.44,3435.89,58.84,1739.84,"Sep 3, 2026 6:00 PM",57637.38,58669.03,1031.65,8013.71,8013.709999999997,2.7284841053187847e-12
91,2026-09-03 18:00:00,"Sep 3, 2026 7:00 PM",4263.55,1122.45,5033.12,30122.51,5431.13,93.59,-,5768.8,2892.23,4874.5,2446.19,1789.57,"Sep 3, 2026 7:00 PM",57770.04,57784.48,14.44,17183.29,17183.280000000006,0.00999999999476131
92,2026-09-03 19:00:00,"Sep 3, 2026 8:00 PM",4370.82,1182.87,5776.69,27740.45,1053.86,93.59,-,5743.12,3115.29,5548.13,3422.26,1926.14,"Sep 3, 2026 8:00 PM",57849.16,57866.99,17.82,23278.16,23278.160000000003,-3.637978807091713e-12
93,2026-09-03 20:00:00,"Sep 3, 2026 9:00 PM",4374.75,1226.54,5246.14,25809.5,3.32,93.59,-,5910.57,3069.35,5950.24,4611.86,1883.36,"Sep 3, 2026 9:00 PM",57144.39,57161.24,16.85,26085.43,26085.43,0.0
94,2026-09-03 21:00:00,"Sep 3, 2026 10:00 PM",4280.85,1203.41,5578.63,24758.13,0.0,93.59,-,5945.57,3067.59,5721.4,3719.07,1778.38,"Sep 3, 2026 10:00 PM",53006.7,53023.98,17.28,22669.95,22669.939999999995,0.010000000005675247
95,2026-09-03 22:00:00,"Sep 3, 2026 11:00 PM",4115.75,1101.99,5579.25,24446.14,0.0,93.59,-,5942.64,2800.7,5231.62,1862.71,1806.21,"Sep 3, 2026 11:00 PM",49305.37,49339.44,34.07,19279.98,19279.980000000003,-3.637978807091713e-12
96,2026-09-03 23:00:00,"Sep 4, 2026 12:00 AM",3977.99,1091.94,5394.49,24279.77,0.0,93.59,-,6120.46,2631.41,4783.51,373.93,1796.8,"Sep 4, 2026 12:00 AM",47320.73,47503.76,183.04,17646.47,17646.47,0.0
97,2026-09-04 00:00:00,"Sep 4, 2026 1:00 AM",3845.87,1012.9,3803.19,23769.08,0.0,91.46,-,6266.55,2150.61,4871.7,132.71,1709.85,"Sep 4, 2026 1:00 AM",44121.2,44301.08,179.87,16548.93,16548.929999999997,3.637978807091713e-12
98,2026-09-04 01:00:00,"Sep 4, 2026 2:00 AM",3794.64,980.19,3207.92,23261.96,0.0,92.76,-,6587.44,2136.96,3976.77,200.54,1748.88,"Sep 4, 2026 2:00 AM",42504.95,42571.13,66.18,16035.07,16035.069999999998,1.8189894035458565e-12
99,2026-09-04 02:00:00,"Sep 4, 2026 3:00 AM",3768.44,964.62,3042.29,22872.71,0.0,93.19,-,6593.91,2373.63,3726.45,86.4,1782.63,"Sep 4, 2026 3:00 AM",41305.02,41326.04,21.02,15390.02,15390.019999999997,3.637978807091713e-12
100,2026-09-04 03:00:00,"Sep 4, 2026 4:00 AM",3763.91,939.41,3537.56,23050.31,0.0,93.19,-,6690.07,2495.17,3826.69,22.06,1801.78,"Sep 4, 2026 4:00 AM",42226.89,43103.83,876.94,15639.02,15639.019999999999,1.8189894035458565e-12
101,2026-09-04 04:00:00,"Sep 4, 2026 5:00 AM",3786.49,902.61,4742.41,23332.76,0.0,93.19,-,6585.48,2796.36,3278.22,64.27,1820.81,"Sep 4, 2026 5:00 AM",44071.96,45777.73,1705.77,15996.78,15996.79,-0.010000000000218279
102,2026-09-04 05:00:00,"Sep 4, 2026 6:00 AM",3878.5,890.06,4536.81,22976.82,0.0,93.19,-,6857.54,2552.85,3222.32,147.83,1831.58,"Sep 4, 2026 6:00 AM",46532.22,47088.45,556.23,19018.59,19018.59,0.0
103,2026-09-04 06:00:00,"Sep 4, 2026 7:00 AM",4090.49,886.59,3984.01,25523.32,62.66,93.19,-,6714.51,2445.54,3208.31,2582.85,1790.97,"Sep 4, 2026 7:00 AM",51935.39,51944.28,8.88,22365.4,22365.399999999994,7.275957614183426e-12
104,2026-09-04 07:00:00,"Sep 4, 2026 8:00 AM",4211.28,932.97,3478.11,29104.52,2321.63,93.19,-,7034.59,2664.24,3294.9,3130.09,1808.77,"Sep 4, 2026 8:00 AM",57085.58,57096.04,10.47,22181.32,22181.320000000003,-3.637978807091713e-12
105,2026-09-04 08:00:00,"Sep 4, 2026 9:00 AM",4193.46,1112.01,3225.67,30249.03,8672.53,93.19,-,6953.89,2653.24,3390.99,3117.23,1812.3,"Sep 4, 2026 9:00 AM",59726.72,59733.61,6.89,17579.49,17579.490000000005,-3.637978807091713e-12
106,2026-09-04 09:00:00,"Sep 4, 2026 10:00 AM",4045.39,1162.79,2096.57,31775.57,17536.74,93.19,-,5703.97,2282.21,2945.1,1313.85,1769.67,"Sep 4, 2026 10:00 AM",61052.69,61115.3,62.61,9643.81,9643.809999999998,1.8189894035458565e-12
107,2026-09-04 10:00:00,"Sep 4, 2026 11:00 AM",3853.48,1136.79,1394.97,33987.3,26167.24,93.19,-,3544.17,1342.36,2331.58,356.96,1777.45,"Sep 4, 2026 11:00 AM",61911.38,63145.45,1234.07,361.87,361.8699999999965,3.524291969370097e-12
108,2026-09-04 11:00:00,"Sep 4, 2026 12:00 PM",3699.73,1281.89,1385.99,35673.9,31301.83,93.19,-,2569.74,776.53,2006.41,13.28,1806.64,"Sep 4, 2026 12:00 PM",60958.27,64683.34,3725.07,-7403.46,-7403.450000000006,-0.009999999993851816
109,2026-09-04 12:00:00,"Sep 4, 2026 1:00 PM",3615.89,1231.92,2312.38,31689.66,33464.56,93.19,-,2493.01,761.49,2002.21,9.64,1737.07,"Sep 4, 2026 1:00 PM",61488.46,65436.34,3947.88,-5978.14,-5978.1399999999985,-1.8189894035458565e-12
110,2026-09-04 13:00:00,"Sep 4, 2026 2:00 PM",3579.42,1325.17,3945.29,29643.79,33807.27,93.19,-,2565.31,613.63,1981.0,12.29,1747.46,"Sep 4, 2026 2:00 PM",60785.49,65101.42,4315.92,-6610.86,-6610.86,0.0
111,2026-09-04 14:00:00,"Sep 4, 2026 3:00 PM",3562.13,1309.32,4372.86,27537.4,31552.82,91.89,-,2959.33,862.78,2029.91,11.94,1727.53,"Sep 4, 2026 3:00 PM",59672.58,63561.87,3889.29,-3790.5,-3790.499999999999,-9.094947017729282e-13
112,2026-09-04 15:00:00,"Sep 4, 2026 4:00 PM",3611.72,1245.58,4560.32,29286.96,27390.58,91.8,-,2999.78,911.09,2031.93,10.4,1752.69,"Sep 4, 2026 4:00 PM",58178.79,61637.54,3458.75,-3059.07,-3059.0699999999997,-4.547473508864641e-13
113,2026-09-04 16:00:00,"Sep 4, 2026 5:00 PM",3587.4,1195.24,5160.08,33793.83,21422.81,92.81,-,3228.67,921.15,2221.22,21.25,1734.63,"Sep 4, 2026 5:00 PM",57426.46,60741.21,3314.75,-2950.26,-2950.2600000000075,7.275957614183426e-12
114,2026-09-04 17:00:00,"Sep 4, 2026 6:00 PM",3754.3,1180.45,5617.94,37803.78,14205.34,92.81,-,3296.77,1123.43,2755.0,35.32,1719.4,"Sep 4, 2026 6:00 PM",56369.12,58731.29,2362.16,-1257.94,-1257.9399999999996,-4.547473508864641e-13
115,2026-09-04 18:00:00,"Sep 4, 2026 7:00 PM",3971.04,1147.4,4704.77,41083.03,6236.42,93.52,-,3564.82,1620.59,3282.73,1096.86,1943.02,"Sep 4, 2026 7:00 PM",55606.61,56601.16,994.55,3582.39,3582.390000000003,-3.183231456205249e-12
116,2026-09-04 19:00:00,"Sep 4, 2026 8:00 PM",4095.56,1388.55,3742.43,38097.74,906.48,95.63,-,3852.25,1998.24,3951.4,4680.03,1881.8,"Sep 4, 2026 8:00 PM",54037.69,54089.77,52.08,11291.05,11291.04,0.00999999999839929
117,2026-09-04 20:00:00,"Sep 4, 2026 9:00 PM",4063.87,1193.43,4252.61,36500.96,2.15,94.7,-,4311.42,2003.46,4557.22,4282.96,1880.4,"Sep 4, 2026 9:00 PM",53128.15,53131.58,3.43,12372.43,12372.43,0.0
118,2026-09-04 21:00:00,"Sep 4, 2026 10:00 PM",3963.72,1146.76,4612.31,34676.41,0.0,91.93,-,4114.13,1909.54,4690.31,3455.45,1778.26,"Sep 4, 2026 10:00 PM",50106.72,50121.51,14.79,10818.0,10817.999999999996,3.637978807091713e-12
119,2026-09-04 22:00:00,"Sep 4, 2026 11:00 PM",3812.99,1061.1,4654.45,32608.65,0.0,91.93,-,4038.52,1790.45,4560.51,2486.22,1781.08,"Sep 4, 2026 11:00 PM",47222.55,47320.54,97.99,9959.45,9959.45,0.0
120,2026-09-04 23:00:00,"Sep 5, 2026 12:00 AM",3677.15,988.06,4215.58,32185.66,0.0,91.93,-,4095.18,2228.62,4631.23,702.02,1762.95,"Sep 5, 2026 12:00 AM",45205.72,45554.71,349.0,8804.47,8804.480000000001,-0.010000000002037268
121,2026-09-05 00:00:00,"Sep 5, 2026 1:00 AM",3572.25,1087.24,2888.34,30393.31,0.0,92.68,-,3945.63,2638.5,4317.13,344.85,1645.32,"Sep 5, 2026 1:00 AM",42202.39,42307.44,105.05,8920.74,8920.739999999998,1.8189894035458565e-12
122,2026-09-05 01:00:00,"Sep 5, 2026 2:00 AM",3531.23,1019.43,3471.35,28481.55,0.0,92.68,-,4147.01,2570.08,4176.29,88.14,1690.78,"Sep 5, 2026 2:00 AM",41278.67,41935.67,657.0,9325.77,9325.769999999999,1.8189894035458565e-12
123,2026-09-05 02:00:00,"Sep 5, 2026 3:00 AM",3504.73,1044.32,3750.38,26879.8,0.0,92.68,-,4194.01,2457.1,4326.15,52.57,1746.95,"Sep 5, 2026 3:00 AM",40453.85,40881.83,427.98,9823.67,9823.669999999998,1.8189894035458565e-12
124,2026-09-05 03:00:00,"Sep 5, 2026 4:00 AM",3484.12,899.83,4250.16,26225.53,0.0,92.68,-,4018.74,2471.23,4266.38,9.59,1754.07,"Sep 5, 2026 4:00 AM",40414.75,41609.94,1195.19,9939.05,9939.060000000001,-0.010000000002037268
125,2026-09-05 04:00:00,"Sep 5, 2026 5:00 AM",3508.91,981.05,4436.62,26144.17,0.0,92.68,-,3977.61,2049.49,4255.46,9.59,1745.01,"Sep 5, 2026 5:00 AM",39471.53,41052.97,1581.45,8890.74,8890.740000000002,-1.8189894035458565e-12
126,2026-09-05 05:00:00,"Sep 5, 2026 6:00 AM",3608.22,905.1,4411.54,26249.77,0.0,92.68,-,3745.95,2129.38,4225.49,18.18,1740.21,"Sep 5, 2026 6:00 AM",40058.79,41628.11,1569.32,9397.48,9397.48,0.0
127,2026-09-05 06:00:00,"Sep 5, 2026 7:00 AM",3851.4,943.59,4323.89,27119.8,110.09,91.76,-,3650.02,2074.25,3904.1,45.73,1696.04,"Sep 5, 2026 7:00 AM",41110.72,42735.68,1624.95,9556.94,9556.940000000006,-5.4569682106375694e-12
128,2026-09-05 07:00:00,"Sep 5, 2026 8:00 AM",3971.4,1025.35,3897.55,24688.49,3215.42,91.94,-,3630.02,1992.02,3940.52,196.65,1702.97,"Sep 5, 2026 8:00 AM",43107.99,43879.22,771.22,11306.54,11306.529999999999,0.010000000002037268
129,2026-09-05 08:00:00,"Sep 5, 2026 9:00 AM",3964.22,1035.02,2100.4,23913.06,11740.83,92.43,-,3598.14,2147.99,3480.74,143.04,1725.55,"Sep 5, 2026 9:00 AM",47359.6,49415.42,2055.82,9605.32,9605.309999999996,0.010000000003856258
130,2026-09-05 09:00:00,"Sep 5, 2026 10:00 AM",3803.08,1264.44,2967.29,23865.52,21643.1,92.43,-,3449.96,1984.08,2587.43,15.35,1730.33,"Sep 5, 2026 10:00 AM",50553.02,54681.59,4128.57,2077.1,2077.109999999998,-0.009999999997944542
131,2026-09-05 10:00:00,"Sep 5, 2026 11:00 AM",3607.68,1324.73,3565.95,22570.77,27315.91,92.43,-,3205.71,1244.87,1968.53,11.51,1717.09,"Sep 5, 2026 11:00 AM",52499.79,57529.37,5029.58,-952.85,-952.8399999999992,-0.010000000000786713
132,2026-09-05 11:00:00,"Sep 5, 2026 12:00 PM",3512.31,1156.5,2429.39,21533.46,31507.39,91.46,-,2911.87,1019.31,1887.14,11.91,1668.78,"Sep 5, 2026 12:00 PM",51719.76,56951.6,5231.84,-3750.48,-3750.4799999999964,-3.637978807091713e-12
133,2026-09-05 12:00:00,"Sep 5, 2026 1:00 PM",3434.45,959.92,1967.27,17653.32,35432.61,91.46,-,2858.45,1023.0,1482.53,14.46,1628.14,"Sep 5, 2026 1:00 PM",50307.54,55401.37,5093.83,-4745.65,-4745.66,0.010000000000218279
134,2026-09-05 13:00:00,"Sep 5, 2026 2:00 PM",3406.73,966.04,1966.52,17142.04,36944.92,91.46,-,2891.29,961.45,1439.84,11.36,1635.17,"Sep 5, 2026 2:00 PM",49816.62,55053.9,5237.28,-6236.87,-6236.859999999997,-0.010000000002946763
135,2026-09-05 14:00:00,"Sep 5, 2026 3:00 PM",3403.87,1025.26,2039.24,17023.04,36150.25,91.46,-,2882.22,949.56,1383.94,26.52,1631.15,"Sep 5, 2026 3:00 PM",47558.74,52847.5,5288.76,-7653.78,-7653.790000000003,0.010000000002946763
136,2026-09-05 15:00:00,"Sep 5, 2026 4:00 PM",3437.77,1048.0,1753.82,17434.89,32719.77,92.34,-,2954.6,951.66,1431.97,83.54,1651.52,"Sep 5, 2026 4:00 PM",46971.32,52031.53,5060.21,-4937.16,-4937.16,0.0
137,2026-09-05 16:00:00,"Sep 5, 2026 5:00 PM",3535.8,1065.33,2493.13,23066.92,26771.69,92.34,-,3132.45,1179.83,1562.66,100.54,1659.63,"Sep 5, 2026 5:00 PM",46902.81,51459.9,4557.09,-5428.94,-5428.929999999999,-0.010000000000218279
138,2026-09-05 17:00:00,"Sep 5, 2026 6:00 PM",3749.42,993.69,3318.19,31970.77,18896.94,92.34,-,3648.33,1394.85,2596.35,193.64,1686.39,"Sep 5, 2026 6:00 PM",47544.92,51303.97,3759.04,-6640.98,-6640.980000000001,1.8189894035458565e-12
139,2026-09-05 18:00:00,"Sep 5, 2026 7:00 PM",3969.71,1008.41,2857.9,32943.03,8895.29,92.34,-,3983.41,1991.65,4124.12,99.85,1723.66,"Sep 5, 2026 7:00 PM",47911.8,49820.81,1909.01,3215.58,3215.580000000003,-3.183231456205249e-12
140,2026-09-05 19:00:00,"Sep 5, 2026 8:00 PM",4101.92,931.6,3028.1,28176.25,1339.97,92.34,-,4224.32,2476.3,5096.3,2801.04,1891.98,"Sep 5, 2026 8:00 PM",47258.41,47279.43,21.01,14714.09,14714.090000000002,-1.8189894035458565e-12
141,2026-09-05 20:00:00,"Sep 5, 2026 9:00 PM",4086.06,928.51,3087.63,26089.08,4.1,92.34,-,4599.46,2827.19,5296.63,2934.75,2001.92,"Sep 5, 2026 9:00 PM",46695.64,46705.09,9.45,17514.82,17514.829999999998,-0.00999999999839929
142,2026-09-05 21:00:00,"Sep 5, 2026 10:00 PM",3979.36,928.76,4224.56,25429.76,0.02,92.34,-,4628.58,2586.55,5302.98,2369.51,1856.52,"Sep 5, 2026 10:00 PM",44996.65,45240.42,243.77,15342.31,15342.310000000005,-5.4569682106375694e-12
143,2026-09-05 22:00:00,"Sep 5, 2026 11:00 PM",3827.24,939.85,4820.09,23767.07,0.0,92.34,-,4417.73,2751.74,5175.89,1308.36,1842.33,"Sep 5, 2026 11:00 PM",42742.83,42979.79,236.96,14155.68,14155.670000000002,0.00999999999839929
144,2026-09-05 23:00:00,"Sep 6, 2026 12:00 AM",3696.78,917.95,4602.66,22595.67,0.0,92.34,-,3860.91,2865.73,5171.48,671.83,1857.23,"Sep 6, 2026 12:00 AM",40439.65,40665.79,226.14,13241.33,13241.320000000003,0.0099999999965803
145,2026-09-06 00:00:00,"Sep 6, 2026 1:00 AM",3578.47,894.65,5636.14,21116.66,0.0,90.75,-,3786.42,2856.86,4828.99,1720.59,1741.65,"Sep 6, 2026 1:00 AM",38134.64,38363.93,229.29,11381.83,11381.84,-0.010000000000218279
146,2026-09-06 01:00:00,"Sep 6, 2026 2:00 AM",3556.88,897.07,5485.14,20623.85,0.0,90.75,-,3819.32,2807.16,4411.02,1450.16,1753.09,"Sep 6, 2026 2:00 AM",36848.5,37076.28,227.78,10739.5,10739.510000000002,-0.010000000002037268
147,2026-09-06 02:00:00,"Sep 6, 2026 3:00 AM",3517.22,866.3,5367.21,19550.9,0.0,90.75,-,3795.31,2698.12,4130.45,993.22,1746.92,"Sep 6, 2026 3:00 AM",36190.44,36463.0,272.56,11272.34,11272.330000000002,0.00999999999839929
148,2026-09-06 03:00:00,"Sep 6, 2026 4:00 AM",3508.91,851.06,4842.3,18507.85,0.0,90.75,-,4035.55,2419.68,3698.27,1196.29,1761.17,"Sep 6, 2026 4:00 AM",35709.34,35963.71,254.37,12359.19,12359.189999999999,1.8189894035458565e-12
149,2026-09-06 04:00:00,"Sep 6, 2026 5:00 AM",3535.53,832.32,3861.6,16768.64,0.0,90.75,-,4118.13,2096.19,3039.19,1897.23,1767.29,"Sep 6, 2026 5:00 AM",35765.0,36023.53,258.53,15134.76,15134.76,0.0
150,2026-09-06 05:00:00,"Sep 6, 2026 6:00 AM",3616.99,820.07,3622.53,14993.86,0.0,90.75,-,4249.71,1713.88,2044.65,2837.77,1766.81,"Sep 6, 2026 6:00 AM",36729.27,37022.66,293.39,18112.88,18112.879999999997,3.637978807091713e-12
151,2026-09-06 06:00:00,"Sep 6, 2026 7:00 AM",3831.21,799.29,3535.12,13465.84,133.94,90.75,-,4400.53,1199.36,1844.22,2722.12,1760.41,"Sep 6, 2026 7:00 AM",37151.96,37377.88,225.92,20017.06,20017.059999999998,3.637978807091713e-12
152,2026-09-06 07:00:00,"Sep 6, 2026 8:00 AM",3963.65,812.12,2556.95,11439.26,4774.41,90.75,-,4255.51,1070.85,1723.19,2596.34,1750.13,"Sep 6, 2026 8:00 AM",38504.78,38729.71,224.92,19734.16,19734.159999999993,7.275957614183426e-12
153,2026-09-06 08:00:00,"Sep 6, 2026 9:00 AM",3935.81,872.08,2166.88,7948.59,17558.27,90.75,-,3285.49,695.02,1538.38,499.58,1736.29,"Sep 6, 2026 9:00 AM",41982.57,43262.65,1280.08,14308.82,14308.829999999998,-0.00999999999839929
154,2026-09-06 09:00:00,"Sep 6, 2026 10:00 AM",3813.85,1020.08,2077.53,5146.57,31757.95,90.75,-,2726.09,568.45,1424.84,33.39,1710.69,"Sep 6, 2026 10:00 AM",44330.42,48744.69,4414.28,5348.38,5348.369999999997,0.010000000002946763
155,2026-09-06 10:00:00,"Sep 6, 2026 11:00 AM",3636.1,1122.1,1398.18,3736.57,41915.07,90.75,-,2528.18,525.37,1444.3,10.45,1723.12,"Sep 6, 2026 11:00 AM",44263.52,49506.52,5243.0,-2786.3,-2786.300000000003,2.7284841053187847e-12
156,2026-09-06 11:00:00,"Sep 6, 2026 12:00 PM",3495.48,1111.43,2088.75,2838.97,45908.14,90.75,-,2500.59,520.69,1437.18,10.91,1723.46,"Sep 6, 2026 12:00 PM",44884.02,50089.42,5205.4,-5951.84,-5951.840000000002,1.8189894035458565e-12
157,2026-09-06 12:00:00,"Sep 6, 2026 1:00 PM",3419.59,1127.18,2329.02,2354.75,47692.24,90.75,-,2513.84,489.48,1420.99,10.85,1715.52,"Sep 6, 2026 1:00 PM",44533.33,49756.76,5223.43,-7842.68,-7842.679999999997,-3.637978807091713e-12
158,2026-09-06 13:00:00,"Sep 6, 2026 2:00 PM",3404.99,1109.1,2228.92,2064.12,47507.43,90.75,-,2638.28,422.3,1421.05,12.2,1756.31,"Sep 6, 2026 2:00 PM",43401.32,48763.33,5362.01,-8399.15,-8399.150000000001,1.8189894035458565e-12
159,2026-09-06 14:00:00,"Sep 6, 2026 3:00 PM",3410.27,1133.91,2383.53,1948.87,45525.55,90.46,-,3108.58,393.5,1214.98,10.67,1740.5,"Sep 6, 2026 3:00 PM",41511.97,47017.41,5505.43,-8345.97,-8345.980000000001,0.010000000002037268
160,2026-09-06 15:00:00,"Sep 6, 2026 4:00 PM",3463.43,1127.64,2336.93,1898.58,40686.44,90.46,-,3424.53,602.02,1220.37,11.91,1742.1,"Sep 6, 2026 4:00 PM",40695.44,45924.72,5229.28,-4226.51,-4226.51,0.0
161,2026-09-06 16:00:00,"Sep 6, 2026 5:00 PM",3600.17,1161.08,2607.18,2355.37,34205.15,90.46,-,4007.43,1133.05,1272.49,109.87,1753.29,"Sep 6, 2026 5:00 PM",40758.61,45261.34,4502.74,1590.9,1590.9099999999994,-0.009999999999308784
162,2026-09-06 17:00:00,"Sep 6, 2026 6:00 PM",3781.67,991.36,2246.0,2476.74,22237.3,90.46,-,5465.73,2234.57,1728.92,526.83,1805.03,"Sep 6, 2026 6:00 PM",43637.9,45119.83,1481.93,16677.86,16677.86,0.0
163,2026-09-06 18:00:00,"Sep 6, 2026 7:00 PM",4039.34,971.43,2061.78,1799.75,8730.23,90.46,-,6494.93,3362.68,2758.18,3661.47,1850.54,"Sep 6, 2026 7:00 PM",46483.22,46494.43,11.2,33891.46,33891.46000000001,-7.275957614183426e-12
164,2026-09-06 19:00:00,"Sep 6, 2026 8:00 PM",4130.98,1217.25,2078.32,1924.76,1227.68,90.46,-,6904.67,4177.41,3439.58,5950.35,1875.92,"Sep 6, 2026 8:00 PM",46681.63,46688.38,6.76,41450.87,41450.869999999995,7.275957614183426e-12
165,2026-09-06 20:00:00,"Sep 6, 2026 9:00 PM",4112.05,1124.49,2645.4,2952.93,1.24,90.46,-,7298.66,4630.56,3713.44,5613.31,1866.76,"Sep 6, 2026 9:00 PM",47138.0,47144.45,6.45,41538.44,41538.43,0.010000000002037268
166,2026-09-06 21:00:00,"Sep 6, 2026 10:00 PM",3999.53,907.83,3501.69,5862.02,0.0,90.46,-,7540.82,4561.8,4002.38,3652.41,1865.09,"Sep 6, 2026 10:00 PM",45655.92,45667.45,11.53,36292.2,36292.20999999999,-0.00999999999476131
167,2026-09-06 22:00:00,"Sep 6, 2026 11:00 PM",3854.44,847.35,3769.02,9383.31,0.0,90.46,-,7736.16,4309.42,4262.04,1991.71,1866.43,"Sep 6, 2026 11:00 PM",43961.41,43985.55,24.14,30809.08,30809.080000000005,-3.637978807091713e-12
