Start date,Photovoltaics [MWh] Calculated resolutions,pred,error
2026-05-31 23:00:00,43.79,,
2026-06-01 00:00:00,49.95,43.79,6.160000000000004
2026-06-01 01:00:00,23.28,49.95,26.67
2026-06-01 02:00:00,21.66,23.28,1.620000000000001
2026-06-01 03:00:00,22.86,21.66,1.1999999999999993
2026-06-01 04:00:00,24.71,22.86,1.8500000000000014
2026-06-01 05:00:00,491.52,24.71,466.81
2026-06-01 06:00:00,3498.03,491.52,3006.51
2026-06-01 07:00:00,9779.93,3498.03,6281.9
2026-06-01 08:00:00,18938.5,9779.93,9158.57
2026-06-01 09:00:00,28490.97,18938.5,9552.470000000001
2026-06-01 10:00:00,36703.63,28490.97,8212.659999999996
2026-06-01 11:00:00,42569.57,36703.63,5865.940000000002
2026-06-01 12:00:00,45384.8,42569.57,2815.230000000003
2026-06-01 13:00:00,46102.94,45384.8,718.1399999999994
2026-06-01 14:00:00,45009.27,46102.94,1093.6700000000055
2026-06-01 15:00:00,41544.34,45009.27,3464.9300000000003
2026-06-01 16:00:00,35907.54,41544.34,5636.799999999996
2026-06-01 17:00:00,27710.16,35907.54,8197.380000000001
2026-06-01 18:00:00,17528.15,27710.16,10182.009999999998
2026-06-01 19:00:00,8065.34,17528.15,9462.810000000001
2026-06-01 20:00:00,2326.33,8065.34,5739.01
2026-06-01 21:00:00,237.19,2326.33,2089.14
2026-06-01 22:00:00,64.73,237.19,172.45999999999998
2026-06-01 23:00:00,43.49,64.73,21.240000000000002
2026-06-02 00:00:00,28.97,43.49,14.520000000000003
2026-06-02 01:00:00,23.03,28.97,5.939999999999998
2026-06-02 02:00:00,21.56,23.03,1.4700000000000024
2026-06-02 03:00:00,22.46,21.56,0.9000000000000021
2026-06-02 04:00:00,26.63,22.46,4.169999999999998
2026-06-02 05:00:00,788.58,26.63,761.95
2026-06-02 06:00:00,4922.3,788.58,4133.72
2026-06-02 07:00:00,12458.43,4922.3,7536.13
2026-06-02 08:00:00,22512.64,12458.43,10054.21
2026-06-02 09:00:00,31724.6,22512.64,9211.96
2026-06-02 10:00:00,37826.24,31724.6,6101.639999999999
2026-06-02 11:00:00,39389.41,37826.24,1563.1700000000055
2026-06-02 12:00:00,40954.58,39389.41,1565.1699999999983
2026-06-02 13:00:00,39936.63,40954.58,1017.9500000000044
2026-06-02 14:00:00,37565.74,39936.63,2370.8899999999994
2026-06-02 15:00:00,32014.72,37565.74,5551.019999999997
2026-06-02 16:00:00,25896.32,32014.72,6118.4000000000015
2026-06-02 17:00:00,17069.89,25896.32,8826.43
2026-06-02 18:00:00,9292.93,17069.89,7776.959999999999
2026-06-02 19:00:00,3986.22,9292.93,5306.710000000001
2026-06-02 20:00:00,1171.69,3986.22,2814.5299999999997
2026-06-02 21:00:00,107.0,1171.69,1064.69
2026-06-02 22:00:00,30.18,107.0,76.82
2026-06-02 23:00:00,25.83,30.18,4.350000000000001
2026-06-03 00:00:00,23.62,25.83,2.2099999999999973
2026-06-03 01:00:00,27.39,23.62,3.7699999999999996
2026-06-03 02:00:00,33.99,27.39,6.600000000000001
2026-06-03 03:00:00,32.21,33.99,1.7800000000000011
2026-06-03 04:00:00,23.92,32.21,8.29
2026-06-03 05:00:00,380.43,23.92,356.51
2026-06-03 06:00:00,2604.75,380.43,2224.32
2026-06-03 07:00:00,6730.49,2604.75,4125.74
2026-06-03 08:00:00,12218.82,6730.49,5488.33
2026-06-03 09:00:00,18671.11,12218.82,6452.290000000001
2026-06-03 10:00:00,25602.13,18671.11,6931.02
2026-06-03 11:00:00,31352.08,25602.13,5749.950000000001
2026-06-03 12:00:00,34229.02,31352.08,2876.939999999995
2026-06-03 13:00:00,35431.56,34229.02,1202.5400000000009
2026-06-03 14:00:00,35063.87,35431.56,367.68999999999505
2026-06-03 15:00:00,32763.6,35063.87,2300.270000000004
2026-06-03 16:00:00,29352.75,32763.6,3410.8499999999985
2026-06-03 17:00:00,23562.86,29352.75,5789.889999999999
2026-06-03 18:00:00,15526.65,23562.86,8036.210000000001
2026-06-03 19:00:00,7309.69,15526.65,8216.96
2026-06-03 20:00:00,2005.69,7309.69,5304.0
2026-06-03 21:00:00,149.03,2005.69,1856.66
2026-06-03 22:00:00,52.94,149.03,96.09
2026-06-03 23:00:00,27.01,52.94,25.929999999999996
2026-06-04 00:00:00,23.83,27.01,3.1800000000000033
2026-06-04 01:00:00,21.88,23.83,1.9499999999999993
2026-06-04 02:00:00,22.57,21.88,0.6900000000000013
2026-06-04 03:00:00,20.47,22.57,2.1000000000000014
2026-06-04 04:00:00,27.38,20.47,6.91
2026-06-04 05:00:00,618.51,27.38,591.13
2026-06-04 06:00:00,3901.57,618.51,3283.0600000000004
2026-06-04 07:00:00,10374.97,3901.57,6473.4
2026-06-04 08:00:00,18376.07,10374.97,8001.1
2026-06-04 09:00:00,25090.72,18376.07,6714.6500000000015
2026-06-04 10:00:00,28944.84,25090.72,3854.119999999999
2026-06-04 11:00:00,30379.53,28944.84,1434.6899999999987
2026-06-04 12:00:00,30464.61,30379.53,85.08000000000175
2026-06-04 13:00:00,29490.03,30464.61,974.5800000000017
2026-06-04 14:00:00,27687.4,29490.03,1802.6299999999974
2026-06-04 15:00:00,24324.41,27687.4,3362.9900000000016
2026-06-04 16:00:00,19724.92,24324.41,4599.490000000002
2026-06-04 17:00:00,14515.38,19724.92,5209.539999999999
2026-06-04 18:00:00,8852.37,14515.38,5663.009999999998
2026-06-04 19:00:00,4400.98,8852.37,4451.390000000001
2026-06-04 20:00:00,1413.94,4400.98,2987.0399999999995
2026-06-04 21:00:00,248.82,1413.94,1165.1200000000001
2026-06-04 22:00:00,45.19,248.82,203.63
2026-06-04 23:00:00,22.99,45.19,22.2
2026-06-05 00:00:00,34.01,22.99,11.02
2026-06-05 01:00:00,19.87,34.01,14.139999999999997
2026-06-05 02:00:00,22.18,19.87,2.3099999999999987
2026-06-05 03:00:00,22.29,22.18,0.10999999999999943
2026-06-05 04:00:00,21.97,22.29,0.3200000000000003
2026-06-05 05:00:00,349.24,21.97,327.27
2026-06-05 06:00:00,2594.3,349.24,2245.0600000000004
2026-06-05 07:00:00,6947.67,2594.3,4353.37
2026-06-05 08:00:00,13248.01,6947.67,6300.34
2026-06-05 09:00:00,21529.82,13248.01,8281.81
2026-06-05 10:00:00,29841.08,21529.82,8311.260000000002
2026-06-05 11:00:00,35783.23,29841.08,5942.1500000000015
2026-06-05 12:00:00,38138.22,35783.23,2354.989999999998
2026-06-05 13:00:00,38302.87,38138.22,164.65000000000146
2026-06-05 14:00:00,37732.09,38302.87,570.7800000000061
2026-06-05 15:00:00,36148.88,37732.09,1583.2099999999991
2026-06-05 16:00:00,31617.29,36148.88,4531.5899999999965
2026-06-05 17:00:00,25096.48,31617.29,6520.810000000001
2026-06-05 18:00:00,16926.06,25096.48,8170.419999999998
2026-06-05 19:00:00,8342.34,16926.06,8583.720000000001
2026-06-05 20:00:00,2404.14,8342.34,5938.200000000001
2026-06-05 21:00:00,300.54,2404.14,2103.6
2026-06-05 22:00:00,84.21,300.54,216.33000000000004
2026-06-05 23:00:00,60.23,84.21,23.979999999999997
2026-06-06 00:00:00,26.64,60.23,33.589999999999996
2026-06-06 01:00:00,24.24,26.64,2.400000000000002
2026-06-06 02:00:00,23.29,24.24,0.9499999999999993
2026-06-06 03:00:00,20.23,23.29,3.0599999999999987
2026-06-06 04:00:00,32.06,20.23,11.830000000000002
2026-06-06 05:00:00,862.04,32.06,829.98
2026-06-06 06:00:00,5410.22,862.04,4548.18
2026-06-06 07:00:00,14617.38,5410.22,9207.16
2026-06-06 08:00:00,26628.87,14617.38,12011.49
2026-06-06 09:00:00,36463.82,26628.87,9834.95
2026-06-06 10:00:00,41704.78,36463.82,5240.959999999999
2026-06-06 11:00:00,44614.05,41704.78,2909.270000000004
2026-06-06 12:00:00,44130.86,44614.05,483.1900000000023
2026-06-06 13:00:00,42840.47,44130.86,1290.3899999999994
2026-06-06 14:00:00,41141.83,42840.47,1698.6399999999994
2026-06-06 15:00:00,37759.04,41141.83,3382.790000000001
2026-06-06 16:00:00,30655.04,37759.04,7104.0
2026-06-06 17:00:00,21241.99,30655.04,9413.05
2026-06-06 18:00:00,12617.54,21241.99,8624.45
2026-06-06 19:00:00,5862.71,12617.54,6754.830000000001
2026-06-06 20:00:00,1726.55,5862.71,4136.16
2026-06-06 21:00:00,177.88,1726.55,1548.67
2026-06-06 22:00:00,106.12,177.88,71.75999999999999
2026-06-06 23:00:00,62.61,106.12,43.510000000000005
2026-06-07 00:00:00,22.87,62.61,39.739999999999995
2026-06-07 01:00:00,20.64,22.87,2.2300000000000004
2026-06-07 02:00:00,24.63,20.64,3.9899999999999984
2026-06-07 03:00:00,26.54,24.63,1.9100000000000001
2026-06-07 04:00:00,27.95,26.54,1.4100000000000001
2026-06-07 05:00:00,556.47,27.95,528.52
2026-06-07 06:00:00,3776.65,556.47,3220.1800000000003
2026-06-07 07:00:00,10308.71,3776.65,6532.0599999999995
2026-06-07 08:00:00,17826.79,10308.71,7518.080000000002
2026-06-07 09:00:00,24976.89,17826.79,7150.0999999999985
2026-06-07 10:00:00,29520.9,24976.89,4544.010000000002
2026-06-07 11:00:00,32228.79,29520.9,2707.8899999999994
2026-06-07 12:00:00,34506.61,32228.79,2277.8199999999997
2026-06-07 13:00:00,35638.76,34506.61,1132.1500000000015
2026-06-07 14:00:00,35552.59,35638.76,86.17000000000553
2026-06-07 15:00:00,33779.99,35552.59,1772.5999999999985
2026-06-07 16:00:00,30391.15,33779.99,3388.8399999999965
2026-06-07 17:00:00,26179.81,30391.15,4211.34
2026-06-07 18:00:00,18254.62,26179.81,7925.190000000002
2026-06-07 19:00:00,8524.87,18254.62,9729.749999999998
2026-06-07 20:00:00,2348.17,8524.87,6176.700000000001
2026-06-07 21:00:00,212.57,2348.17,2135.6
2026-06-07 22:00:00,112.53,212.57,100.03999999999999
